id,title,company,location,employment_type,salary_min,salary_max,description,skills,posted_date
1,Senior Frontend Developer,Linear,Remote,Contract,135000,175000,"Join the Linear team as a senior frontend developer and help build thoughtful products people love. You will own projects from idea to release, collaborate with design and engineering, and make decisions supported by user research and reliable data. We value clear communication, accessible experiences, and pragmatic problem solving. Bring practical experience with React, TypeScript, JavaScript, CSS, Next.js, Git. Benefits include flexible working, a learning budget, and generous paid time off. This is a synthetic opening for the SkillMatch demonstration.",React|TypeScript|JavaScript|CSS|Next.js|Git,2026-09-01
2,Full Stack Engineer,Vercel,"San Francisco, CA",Full-time,90000,130000,"Join the Vercel team as a full stack engineer and help build thoughtful products people love. You will own projects from idea to release, collaborate with design and engineering, and make decisions supported by user research and reliable data. We value clear communication, accessible experiences, and pragmatic problem solving. Bring practical experience with React, Node.js, TypeScript, PostgreSQL, Docker, REST APIs. Benefits include flexible working, a learning budget, and generous paid time off. This is a synthetic opening for the SkillMatch demonstration.",React|Node.js|TypeScript|PostgreSQL|Docker|REST APIs,2026-09-02
3,Product Designer,Notion,"New York, NY",Full-time,85000,125000,"Join the Notion team as a product designer and help build thoughtful products people love. You will own projects from idea to release, collaborate with design and engineering, and make decisions supported by user research and reliable data. We value clear communication, accessible experiences, and pragmatic problem solving. Bring practical experience with Figma, UI Design, UX Research, Prototyping, Design Systems. Benefits include flexible working, a learning budget, and generous paid time off. This is a synthetic opening for the SkillMatch demonstration.",Figma|UI Design|UX Research|Prototyping|Design Systems,2026-09-03
4,Python Backend Engineer,Stripe,"London, UK",Full-time,140000,180000,"Join the Stripe team as a python backend engineer and help build thoughtful products people love. You will own projects from idea to release, collaborate with design and engineering, and make decisions supported by user research and reliable data. We value clear communication, accessible experiences, and pragmatic problem solving. Bring practical experience with Python, FastAPI, PostgreSQL, Docker, Redis, Pytest. Benefits include flexible working, a learning budget, and generous paid time off. This is a synthetic opening for the SkillMatch demonstration.",Python|FastAPI|PostgreSQL|Docker|Redis|Pytest,2026-09-04
5,Data Scientist,Figma,"Bengaluru, IN",Full-time,105000,145000,"Join the Figma team as a data scientist and help build thoughtful products people love. You will own projects from idea to release, collaborate with design and engineering, and make decisions supported by user research and reliable data. We value clear communication, accessible experiences, and pragmatic problem solving. Bring practical experience with Python, Pandas, Machine Learning, SQL, Statistics, Scikit-learn. Benefits include flexible working, a learning budget, and generous paid time off. This is a synthetic opening for the SkillMatch demonstration.",Python|Pandas|Machine Learning|SQL|Statistics|Scikit-learn,2026-09-05
6,Machine Learning Engineer,Supabase,Remote,Full-time,100000,140000,"Join the Supabase team as a machine learning engineer and help build thoughtful products people love. You will own projects from idea to release, collaborate with design and engineering, and make decisions supported by user research and reliable data. We value clear communication, accessible experiences, and pragmatic problem solving. Bring practical experience with Python, PyTorch, MLOps, Docker, Transformers, AWS. Benefits include flexible working, a learning budget, and generous paid time off. This is a synthetic opening for the SkillMatch demonstration.",Python|PyTorch|MLOps|Docker|Transformers|AWS,2026-09-06
7,DevOps Engineer,Ramp,"San Francisco, CA",Full-time,100000,140000,"Join the Ramp team as a devops engineer and help build thoughtful products people love. You will own projects from idea to release, collaborate with design and engineering, and make decisions supported by user research and reliable data. We value clear communication, accessible experiences, and pragmatic problem solving. Bring practical experience with AWS, Kubernetes, Terraform, CI/CD, Linux, Docker. Benefits include flexible working, a learning budget, and generous paid time off. This is a synthetic opening for the SkillMatch demonstration.",AWS|Kubernetes|Terraform|CI/CD|Linux|Docker,2026-09-07
8,Mobile Developer,Arc,"New York, NY",Full-time,95000,135000,"Join the Arc team as a mobile developer and help build thoughtful products people love. You will own projects from idea to release, collaborate with design and engineering, and make decisions supported by user research and reliable data. We value clear communication, accessible experiences, and pragmatic problem solving. Bring practical experience with Swift, Kotlin, Git, REST APIs, Unit Testing. Benefits include flexible working, a learning budget, and generous paid time off. This is a synthetic opening for the SkillMatch demonstration.",Swift|Kotlin|Git|REST APIs|Unit Testing,2026-09-08
9,Analytics Engineer,Mercury,"London, UK",Full-time,140000,180000,"Join the Mercury team as a analytics engineer and help build thoughtful products people love. You will own projects from idea to release, collaborate with design and engineering, and make decisions supported by user research and reliable data. We value clear communication, accessible experiences, and pragmatic problem solving. Bring practical experience with SQL, dbt, Snowflake, Python, Data Modeling. Benefits include flexible working, a learning budget, and generous paid time off. This is a synthetic opening for the SkillMatch demonstration.",SQL|dbt|Snowflake|Python|Data Modeling,2026-09-09
10,Security Engineer,Raycast,"Bengaluru, IN",Contract,90000,130000,"Join the Raycast team as a security engineer and help build thoughtful products people love. You will own projects from idea to release, collaborate with design and engineering, and make decisions supported by user research and reliable data. We value clear communication, accessible experiences, and pragmatic problem solving. Bring practical experience with Cloud Security, Python, OWASP, Threat Modeling, Linux. Benefits include flexible working, a learning budget, and generous paid time off. This is a synthetic opening for the SkillMatch demonstration.",Cloud Security|Python|OWASP|Threat Modeling|Linux,2026-09-10
11,Senior Frontend Developer,Loom,Remote,Full-time,135000,175000,"Join the Loom team as a senior frontend developer and help build thoughtful products people love. You will own projects from idea to release, collaborate with design and engineering, and make decisions supported by user research and reliable data. We value clear communication, accessible experiences, and pragmatic problem solving. Bring practical experience with React, TypeScript, JavaScript, CSS, Next.js, Git. Benefits include flexible working, a learning budget, and generous paid time off. This is a synthetic opening for the SkillMatch demonstration.",React|TypeScript|JavaScript|CSS|Next.js|Git,2026-09-11
12,Full Stack Engineer,Webflow,"San Francisco, CA",Full-time,140000,180000,"Join the Webflow team as a full stack engineer and help build thoughtful products people love. You will own projects from idea to release, collaborate with design and engineering, and make decisions supported by user research and reliable data. We value clear communication, accessible experiences, and pragmatic problem solving. Bring practical experience with React, Node.js, TypeScript, PostgreSQL, Docker, REST APIs. Benefits include flexible working, a learning budget, and generous paid time off. This is a synthetic opening for the SkillMatch demonstration.",React|Node.js|TypeScript|PostgreSQL|Docker|REST APIs,2026-09-12
13,Product Designer,Retool,"New York, NY",Full-time,155000,195000,"Join the Retool team as a product designer and help build thoughtful products people love. You will own projects from idea to release, collaborate with design and engineering, and make decisions supported by user research and reliable data. We value clear communication, accessible experiences, and pragmatic problem solving. Bring practical experience with Figma, UI Design, UX Research, Prototyping, Design Systems. Benefits include flexible working, a learning budget, and generous paid time off. This is a synthetic opening for the SkillMatch demonstration.",Figma|UI Design|UX Research|Prototyping|Design Systems,2026-09-13
14,Python Backend Engineer,Resend,"London, UK",Full-time,125000,165000,"Join the Resend team as a python backend engineer and help build thoughtful products people love. You will own projects from idea to release, collaborate with design and engineering, and make decisions supported by user research and reliable data. We value clear communication, accessible experiences, and pragmatic problem solving. Bring practical experience with Python, FastAPI, PostgreSQL, Docker, Redis, Pytest. Benefits include flexible working, a learning budget, and generous paid time off. This is a synthetic opening for the SkillMatch demonstration.",Python|FastAPI|PostgreSQL|Docker|Redis|Pytest,2026-09-14
15,Data Scientist,Cal.com,"Bengaluru, IN",Full-time,90000,130000,"Join the Cal.com team as a data scientist and help build thoughtful products people love. You will own projects from idea to release, collaborate with design and engineering, and make decisions supported by user research and reliable data. We value clear communication, accessible experiences, and pragmatic problem solving. Bring practical experience with Python, Pandas, Machine Learning, SQL, Statistics, Scikit-learn. Benefits include flexible working, a learning budget, and generous paid time off. This is a synthetic opening for the SkillMatch demonstration.",Python|Pandas|Machine Learning|SQL|Statistics|Scikit-learn,2026-09-15
16,Machine Learning Engineer,Clerk,Remote,Full-time,130000,170000,"Join the Clerk team as a machine learning engineer and help build thoughtful products people love. You will own projects from idea to release, collaborate with design and engineering, and make decisions supported by user research and reliable data. We value clear communication, accessible experiences, and pragmatic problem solving. Bring practical experience with Python, PyTorch, MLOps, Docker, Transformers, AWS. Benefits include flexible working, a learning budget, and generous paid time off. This is a synthetic opening for the SkillMatch demonstration.",Python|PyTorch|MLOps|Docker|Transformers|AWS,2026-09-16
17,DevOps Engineer,Neon,"San Francisco, CA",Full-time,115000,155000,"Join the Neon team as a devops engineer and help build thoughtful products people love. You will own projects from idea to release, collaborate with design and engineering, and make decisions supported by user research and reliable data. We value clear communication, accessible experiences, and pragmatic problem solving. Bring practical experience with AWS, Kubernetes, Terraform, CI/CD, Linux, Docker. Benefits include flexible working, a learning budget, and generous paid time off. This is a synthetic opening for the SkillMatch demonstration.",AWS|Kubernetes|Terraform|CI/CD|Linux|Docker,2026-09-17
18,Mobile Developer,PlanetScale,"New York, NY",Full-time,85000,125000,"Join the PlanetScale team as a mobile developer and help build thoughtful products people love. You will own projects from idea to release, collaborate with design and engineering, and make decisions supported by user research and reliable data. We value clear communication, accessible experiences, and pragmatic problem solving. Bring practical experience with Swift, Kotlin, Git, REST APIs, Unit Testing. Benefits include flexible working, a learning budget, and generous paid time off. This is a synthetic opening for the SkillMatch demonstration.",Swift|Kotlin|Git|REST APIs|Unit Testing,2026-09-18
19,Analytics Engineer,PostHog,"London, UK",Contract,85000,125000,"Join the PostHog team as a analytics engineer and help build thoughtful products people love. You will own projects from idea to release, collaborate with design and engineering, and make decisions supported by user research and reliable data. We value clear communication, accessible experiences, and pragmatic problem solving. Bring practical experience with SQL, dbt, Snowflake, Python, Data Modeling. Benefits include flexible working, a learning budget, and generous paid time off. This is a synthetic opening for the SkillMatch demonstration.",SQL|dbt|Snowflake|Python|Data Modeling,2026-09-19
20,Security Engineer,Tailscale,"Bengaluru, IN",Full-time,90000,130000,"Join the Tailscale team as a security engineer and help build thoughtful products people love. You will own projects from idea to release, collaborate with design and engineering, and make decisions supported by user research and reliable data. We value clear communication, accessible experiences, and pragmatic problem solving. Bring practical experience with Cloud Security, Python, OWASP, Threat Modeling, Linux. Benefits include flexible working, a learning budget, and generous paid time off. This is a synthetic opening for the SkillMatch demonstration.",Cloud Security|Python|OWASP|Threat Modeling|Linux,2026-09-20
21,Senior Frontend Developer,Linear,Remote,Full-time,100000,140000,"Join the Linear team as a senior frontend developer and help build thoughtful products people love. You will own projects from idea to release, collaborate with design and engineering, and make decisions supported by user research and reliable data. We value clear communication, accessible experiences, and pragmatic problem solving. Bring practical experience with React, TypeScript, JavaScript, CSS, Next.js, Git. Benefits include flexible working, a learning budget, and generous paid time off. This is a synthetic opening for the SkillMatch demonstration.",React|TypeScript|JavaScript|CSS|Next.js|Git,2026-09-21
22,Full Stack Engineer,Vercel,"San Francisco, CA",Full-time,100000,140000,"Join the Vercel team as a full stack engineer and help build thoughtful products people love. You will own projects from idea to release, collaborate with design and engineering, and make decisions supported by user research and reliable data. We value clear communication, accessible experiences, and pragmatic problem solving. Bring practical experience with React, Node.js, TypeScript, PostgreSQL, Docker, REST APIs. Benefits include flexible working, a learning budget, and generous paid time off. This is a synthetic opening for the SkillMatch demonstration.",React|Node.js|TypeScript|PostgreSQL|Docker|REST APIs,2026-09-22
23,Product Designer,Notion,"New York, NY",Full-time,125000,165000,"Join the Notion team as a product designer and help build thoughtful products people love. You will own projects from idea to release, collaborate with design and engineering, and make decisions supported by user research and reliable data. We value clear communication, accessible experiences, and pragmatic problem solving. Bring practical experience with Figma, UI Design, UX Research, Prototyping, Design Systems. Benefits include flexible working, a learning budget, and generous paid time off. This is a synthetic opening for the SkillMatch demonstration.",Figma|UI Design|UX Research|Prototyping|Design Systems,2026-09-23
24,Python Backend Engineer,Stripe,"London, UK",Full-time,130000,170000,"Join the Stripe team as a python backend engineer and help build thoughtful products people love. You will own projects from idea to release, collaborate with design and engineering, and make decisions supported by user research and reliable data. We value clear communication, accessible experiences, and pragmatic problem solving. Bring practical experience with Python, FastAPI, PostgreSQL, Docker, Redis, Pytest. Benefits include flexible working, a learning budget, and generous paid time off. This is a synthetic opening for the SkillMatch demonstration.",Python|FastAPI|PostgreSQL|Docker|Redis|Pytest,2026-09-24
25,Data Scientist,Figma,"Bengaluru, IN",Full-time,85000,125000,"Join the Figma team as a data scientist and help build thoughtful products people love. You will own projects from idea to release, collaborate with design and engineering, and make decisions supported by user research and reliable data. We value clear communication, accessible experiences, and pragmatic problem solving. Bring practical experience with Python, Pandas, Machine Learning, SQL, Statistics, Scikit-learn. Benefits include flexible working, a learning budget, and generous paid time off. This is a synthetic opening for the SkillMatch demonstration.",Python|Pandas|Machine Learning|SQL|Statistics|Scikit-learn,2026-09-25
26,Machine Learning Engineer,Supabase,Remote,Full-time,125000,165000,"Join the Supabase team as a machine learning engineer and help build thoughtful products people love. You will own projects from idea to release, collaborate with design and engineering, and make decisions supported by user research and reliable data. We value clear communication, accessible experiences, and pragmatic problem solving. Bring practical experience with Python, PyTorch, MLOps, Docker, Transformers, AWS. Benefits include flexible working, a learning budget, and generous paid time off. This is a synthetic opening for the SkillMatch demonstration.",Python|PyTorch|MLOps|Docker|Transformers|AWS,2026-09-26
27,DevOps Engineer,Ramp,"San Francisco, CA",Full-time,100000,140000,"Join the Ramp team as a devops engineer and help build thoughtful products people love. You will own projects from idea to release, collaborate with design and engineering, and make decisions supported by user research and reliable data. We value clear communication, accessible experiences, and pragmatic problem solving. Bring practical experience with AWS, Kubernetes, Terraform, CI/CD, Linux, Docker. Benefits include flexible working, a learning budget, and generous paid time off. This is a synthetic opening for the SkillMatch demonstration.",AWS|Kubernetes|Terraform|CI/CD|Linux|Docker,2026-09-27
28,Mobile Developer,Arc,"New York, NY",Contract,140000,180000,"Join the Arc team as a mobile developer and help build thoughtful products people love. You will own projects from idea to release, collaborate with design and engineering, and make decisions supported by user research and reliable data. We value clear communication, accessible experiences, and pragmatic problem solving. Bring practical experience with Swift, Kotlin, Git, REST APIs, Unit Testing. Benefits include flexible working, a learning budget, and generous paid time off. This is a synthetic opening for the SkillMatch demonstration.",Swift|Kotlin|Git|REST APIs|Unit Testing,2026-09-28
29,Analytics Engineer,Mercury,"London, UK",Full-time,135000,175000,"Join the Mercury team as a analytics engineer and help build thoughtful products people love. You will own projects from idea to release, collaborate with design and engineering, and make decisions supported by user research and reliable data. We value clear communication, accessible experiences, and pragmatic problem solving. Bring practical experience with SQL, dbt, Snowflake, Python, Data Modeling. Benefits include flexible working, a learning budget, and generous paid time off. This is a synthetic opening for the SkillMatch demonstration.",SQL|dbt|Snowflake|Python|Data Modeling,2026-09-01
30,Security Engineer,Raycast,"Bengaluru, IN",Full-time,140000,180000,"Join the Raycast team as a security engineer and help build thoughtful products people love. You will own projects from idea to release, collaborate with design and engineering, and make decisions supported by user research and reliable data. We value clear communication, accessible experiences, and pragmatic problem solving. Bring practical experience with Cloud Security, Python, OWASP, Threat Modeling, Linux. Benefits include flexible working, a learning budget, and generous paid time off. This is a synthetic opening for the SkillMatch demonstration.",Cloud Security|Python|OWASP|Threat Modeling|Linux,2026-09-02
31,Senior Frontend Developer,Loom,Remote,Full-time,125000,165000,"Join the Loom team as a senior frontend developer and help build thoughtful products people love. You will own projects from idea to release, collaborate with design and engineering, and make decisions supported by user research and reliable data. We value clear communication, accessible experiences, and pragmatic problem solving. Bring practical experience with React, TypeScript, JavaScript, CSS, Next.js, Git. Benefits include flexible working, a learning budget, and generous paid time off. This is a synthetic opening for the SkillMatch demonstration.",React|TypeScript|JavaScript|CSS|Next.js|Git,2026-09-03
32,Full Stack Engineer,Webflow,"San Francisco, CA",Full-time,115000,155000,"Join the Webflow team as a full stack engineer and help build thoughtful products people love. You will own projects from idea to release, collaborate with design and engineering, and make decisions supported by user research and reliable data. We value clear communication, accessible experiences, and pragmatic problem solving. Bring practical experience with React, Node.js, TypeScript, PostgreSQL, Docker, REST APIs. Benefits include flexible working, a learning budget, and generous paid time off. This is a synthetic opening for the SkillMatch demonstration.",React|Node.js|TypeScript|PostgreSQL|Docker|REST APIs,2026-09-04
33,Product Designer,Retool,"New York, NY",Full-time,100000,140000,"Join the Retool team as a product designer and help build thoughtful products people love. You will own projects from idea to release, collaborate with design and engineering, and make decisions supported by user research and reliable data. We value clear communication, accessible experiences, and pragmatic problem solving. Bring practical experience with Figma, UI Design, UX Research, Prototyping, Design Systems. Benefits include flexible working, a learning budget, and generous paid time off. This is a synthetic opening for the SkillMatch demonstration.",Figma|UI Design|UX Research|Prototyping|Design Systems,2026-09-05
34,Python Backend Engineer,Resend,"London, UK",Full-time,120000,160000,"Join the Resend team as a python backend engineer and help build thoughtful products people love. You will own projects from idea to release, collaborate with design and engineering, and make decisions supported by user research and reliable data. We value clear communication, accessible experiences, and pragmatic problem solving. Bring practical experience with Python, FastAPI, PostgreSQL, Docker, Redis, Pytest. Benefits include flexible working, a learning budget, and generous paid time off. This is a synthetic opening for the SkillMatch demonstration.",Python|FastAPI|PostgreSQL|Docker|Redis|Pytest,2026-09-06
35,Data Scientist,Cal.com,"Bengaluru, IN",Full-time,130000,170000,"Join the Cal.com team as a data scientist and help build thoughtful products people love. You will own projects from idea to release, collaborate with design and engineering, and make decisions supported by user research and reliable data. We value clear communication, accessible experiences, and pragmatic problem solving. Bring practical experience with Python, Pandas, Machine Learning, SQL, Statistics, Scikit-learn. Benefits include flexible working, a learning budget, and generous paid time off. This is a synthetic opening for the SkillMatch demonstration.",Python|Pandas|Machine Learning|SQL|Statistics|Scikit-learn,2026-09-07
36,Machine Learning Engineer,Clerk,Remote,Full-time,105000,145000,"Join the Clerk team as a machine learning engineer and help build thoughtful products people love. You will own projects from idea to release, collaborate with design and engineering, and make decisions supported by user research and reliable data. We value clear communication, accessible experiences, and pragmatic problem solving. Bring practical experience with Python, PyTorch, MLOps, Docker, Transformers, AWS. Benefits include flexible working, a learning budget, and generous paid time off. This is a synthetic opening for the SkillMatch demonstration.",Python|PyTorch|MLOps|Docker|Transformers|AWS,2026-09-08
37,DevOps Engineer,Neon,"San Francisco, CA",Contract,145000,185000,"Join the Neon team as a devops engineer and help build thoughtful products people love. You will own projects from idea to release, collaborate with design and engineering, and make decisions supported by user research and reliable data. We value clear communication, accessible experiences, and pragmatic problem solving. Bring practical experience with AWS, Kubernetes, Terraform, CI/CD, Linux, Docker. Benefits include flexible working, a learning budget, and generous paid time off. This is a synthetic opening for the SkillMatch demonstration.",AWS|Kubernetes|Terraform|CI/CD|Linux|Docker,2026-09-09
38,Mobile Developer,PlanetScale,"New York, NY",Full-time,150000,190000,"Join the PlanetScale team as a mobile developer and help build thoughtful products people love. You will own projects from idea to release, collaborate with design and engineering, and make decisions supported by user research and reliable data. We value clear communication, accessible experiences, and pragmatic problem solving. Bring practical experience with Swift, Kotlin, Git, REST APIs, Unit Testing. Benefits include flexible working, a learning budget, and generous paid time off. This is a synthetic opening for the SkillMatch demonstration.",Swift|Kotlin|Git|REST APIs|Unit Testing,2026-09-10
39,Analytics Engineer,PostHog,"London, UK",Full-time,85000,125000,"Join the PostHog team as a analytics engineer and help build thoughtful products people love. You will own projects from idea to release, collaborate with design and engineering, and make decisions supported by user research and reliable data. We value clear communication, accessible experiences, and pragmatic problem solving. Bring practical experience with SQL, dbt, Snowflake, Python, Data Modeling. Benefits include flexible working, a learning budget, and generous paid time off. This is a synthetic opening for the SkillMatch demonstration.",SQL|dbt|Snowflake|Python|Data Modeling,2026-09-11
40,Security Engineer,Tailscale,"Bengaluru, IN",Full-time,145000,185000,"Join the Tailscale team as a security engineer and help build thoughtful products people love. You will own projects from idea to release, collaborate with design and engineering, and make decisions supported by user research and reliable data. We value clear communication, accessible experiences, and pragmatic problem solving. Bring practical experience with Cloud Security, Python, OWASP, Threat Modeling, Linux. Benefits include flexible working, a learning budget, and generous paid time off. This is a synthetic opening for the SkillMatch demonstration.",Cloud Security|Python|OWASP|Threat Modeling|Linux,2026-09-12
41,Senior Frontend Developer,Linear,Remote,Full-time,145000,185000,"Join the Linear team as a senior frontend developer and help build thoughtful products people love. You will own projects from idea to release, collaborate with design and engineering, and make decisions supported by user research and reliable data. We value clear communication, accessible experiences, and pragmatic problem solving. Bring practical experience with React, TypeScript, JavaScript, CSS, Next.js, Git. Benefits include flexible working, a learning budget, and generous paid time off. This is a synthetic opening for the SkillMatch demonstration.",React|TypeScript|JavaScript|CSS|Next.js|Git,2026-09-13
42,Full Stack Engineer,Vercel,"San Francisco, CA",Full-time,95000,135000,"Join the Vercel team as a full stack engineer and help build thoughtful products people love. You will own projects from idea to release, collaborate with design and engineering, and make decisions supported by user research and reliable data. We value clear communication, accessible experiences, and pragmatic problem solving. Bring practical experience with React, Node.js, TypeScript, PostgreSQL, Docker, REST APIs. Benefits include flexible working, a learning budget, and generous paid time off. This is a synthetic opening for the SkillMatch demonstration.",React|Node.js|TypeScript|PostgreSQL|Docker|REST APIs,2026-09-14
43,Product Designer,Notion,"New York, NY",Full-time,140000,180000,"Join the Notion team as a product designer and help build thoughtful products people love. You will own projects from idea to release, collaborate with design and engineering, and make decisions supported by user research and reliable data. We value clear communication, accessible experiences, and pragmatic problem solving. Bring practical experience with Figma, UI Design, UX Research, Prototyping, Design Systems. Benefits include flexible working, a learning budget, and generous paid time off. This is a synthetic opening for the SkillMatch demonstration.",Figma|UI Design|UX Research|Prototyping|Design Systems,2026-09-15
44,Python Backend Engineer,Stripe,"London, UK",Full-time,115000,155000,"Join the Stripe team as a python backend engineer and help build thoughtful products people love. You will own projects from idea to release, collaborate with design and engineering, and make decisions supported by user research and reliable data. We value clear communication, accessible experiences, and pragmatic problem solving. Bring practical experience with Python, FastAPI, PostgreSQL, Docker, Redis, Pytest. Benefits include flexible working, a learning budget, and generous paid time off. This is a synthetic opening for the SkillMatch demonstration.",Python|FastAPI|PostgreSQL|Docker|Redis|Pytest,2026-09-16
45,Data Scientist,Figma,"Bengaluru, IN",Full-time,110000,150000,"Join the Figma team as a data scientist and help build thoughtful products people love. You will own projects from idea to release, collaborate with design and engineering, and make decisions supported by user research and reliable data. We value clear communication, accessible experiences, and pragmatic problem solving. Bring practical experience with Python, Pandas, Machine Learning, SQL, Statistics, Scikit-learn. Benefits include flexible working, a learning budget, and generous paid time off. This is a synthetic opening for the SkillMatch demonstration.",Python|Pandas|Machine Learning|SQL|Statistics|Scikit-learn,2026-09-17
46,Machine Learning Engineer,Supabase,Remote,Contract,105000,145000,"Join the Supabase team as a machine learning engineer and help build thoughtful products people love. You will own projects from idea to release, collaborate with design and engineering, and make decisions supported by user research and reliable data. We value clear communication, accessible experiences, and pragmatic problem solving. Bring practical experience with Python, PyTorch, MLOps, Docker, Transformers, AWS. Benefits include flexible working, a learning budget, and generous paid time off. This is a synthetic opening for the SkillMatch demonstration.",Python|PyTorch|MLOps|Docker|Transformers|AWS,2026-09-18
47,DevOps Engineer,Ramp,"San Francisco, CA",Full-time,95000,135000,"Join the Ramp team as a devops engineer and help build thoughtful products people love. You will own projects from idea to release, collaborate with design and engineering, and make decisions supported by user research and reliable data. We value clear communication, accessible experiences, and pragmatic problem solving. Bring practical experience with AWS, Kubernetes, Terraform, CI/CD, Linux, Docker. Benefits include flexible working, a learning budget, and generous paid time off. This is a synthetic opening for the SkillMatch demonstration.",AWS|Kubernetes|Terraform|CI/CD|Linux|Docker,2026-09-19
48,Mobile Developer,Arc,"New York, NY",Full-time,100000,140000,"Join the Arc team as a mobile developer and help build thoughtful products people love. You will own projects from idea to release, collaborate with design and engineering, and make decisions supported by user research and reliable data. We value clear communication, accessible experiences, and pragmatic problem solving. Bring practical experience with Swift, Kotlin, Git, REST APIs, Unit Testing. Benefits include flexible working, a learning budget, and generous paid time off. This is a synthetic opening for the SkillMatch demonstration.",Swift|Kotlin|Git|REST APIs|Unit Testing,2026-09-20
49,Analytics Engineer,Mercury,"London, UK",Full-time,145000,185000,"Join the Mercury team as a analytics engineer and help build thoughtful products people love. You will own projects from idea to release, collaborate with design and engineering, and make decisions supported by user research and reliable data. We value clear communication, accessible experiences, and pragmatic problem solving. Bring practical experience with SQL, dbt, Snowflake, Python, Data Modeling. Benefits include flexible working, a learning budget, and generous paid time off. This is a synthetic opening for the SkillMatch demonstration.",SQL|dbt|Snowflake|Python|Data Modeling,2026-09-21
50,Security Engineer,Raycast,"Bengaluru, IN",Full-time,110000,150000,"Join the Raycast team as a security engineer and help build thoughtful products people love. You will own projects from idea to release, collaborate with design and engineering, and make decisions supported by user research and reliable data. We value clear communication, accessible experiences, and pragmatic problem solving. Bring practical experience with Cloud Security, Python, OWASP, Threat Modeling, Linux. Benefits include flexible working, a learning budget, and generous paid time off. This is a synthetic opening for the SkillMatch demonstration.",Cloud Security|Python|OWASP|Threat Modeling|Linux,2026-09-22
51,Senior Frontend Developer,Loom,Remote,Full-time,90000,130000,"Join the Loom team as a senior frontend developer and help build thoughtful products people love. You will own projects from idea to release, collaborate with design and engineering, and make decisions supported by user research and reliable data. We value clear communication, accessible experiences, and pragmatic problem solving. Bring practical experience with React, TypeScript, JavaScript, CSS, Next.js, Git. Benefits include flexible working, a learning budget, and generous paid time off. This is a synthetic opening for the SkillMatch demonstration.",React|TypeScript|JavaScript|CSS|Next.js|Git,2026-09-23
52,Full Stack Engineer,Webflow,"San Francisco, CA",Full-time,90000,130000,"Join the Webflow team as a full stack engineer and help build thoughtful products people love. You will own projects from idea to release, collaborate with design and engineering, and make decisions supported by user research and reliable data. We value clear communication, accessible experiences, and pragmatic problem solving. Bring practical experience with React, Node.js, TypeScript, PostgreSQL, Docker, REST APIs. Benefits include flexible working, a learning budget, and generous paid time off. This is a synthetic opening for the SkillMatch demonstration.",React|Node.js|TypeScript|PostgreSQL|Docker|REST APIs,2026-09-24
53,Product Designer,Retool,"New York, NY",Full-time,115000,155000,"Join the Retool team as a product designer and help build thoughtful products people love. You will own projects from idea to release, collaborate with design and engineering, and make decisions supported by user research and reliable data. We value clear communication, accessible experiences, and pragmatic problem solving. Bring practical experience with Figma, UI Design, UX Research, Prototyping, Design Systems. Benefits include flexible working, a learning budget, and generous paid time off. This is a synthetic opening for the SkillMatch demonstration.",Figma|UI Design|UX Research|Prototyping|Design Systems,2026-09-25
54,Python Backend Engineer,Resend,"London, UK",Full-time,90000,130000,"Join the Resend team as a python backend engineer and help build thoughtful products people love. You will own projects from idea to release, collaborate with design and engineering, and make decisions supported by user research and reliable data. We value clear communication, accessible experiences, and pragmatic problem solving. Bring practical experience with Python, FastAPI, PostgreSQL, Docker, Redis, Pytest. Benefits include flexible working, a learning budget, and generous paid time off. This is a synthetic opening for the SkillMatch demonstration.",Python|FastAPI|PostgreSQL|Docker|Redis|Pytest,2026-09-26
55,Data Scientist,Cal.com,"Bengaluru, IN",Contract,110000,150000,"Join the Cal.com team as a data scientist and help build thoughtful products people love. You will own projects from idea to release, collaborate with design and engineering, and make decisions supported by user research and reliable data. We value clear communication, accessible experiences, and pragmatic problem solving. Bring practical experience with Python, Pandas, Machine Learning, SQL, Statistics, Scikit-learn. Benefits include flexible working, a learning budget, and generous paid time off. This is a synthetic opening for the SkillMatch demonstration.",Python|Pandas|Machine Learning|SQL|Statistics|Scikit-learn,2026-09-27
56,Machine Learning Engineer,Clerk,Remote,Full-time,150000,190000,"Join the Clerk team as a machine learning engineer and help build thoughtful products people love. You will own projects from idea to release, collaborate with design and engineering, and make decisions supported by user research and reliable data. We value clear communication, accessible experiences, and pragmatic problem solving. Bring practical experience with Python, PyTorch, MLOps, Docker, Transformers, AWS. Benefits include flexible working, a learning budget, and generous paid time off. This is a synthetic opening for the SkillMatch demonstration.",Python|PyTorch|MLOps|Docker|Transformers|AWS,2026-09-28
57,DevOps Engineer,Neon,"San Francisco, CA",Full-time,110000,150000,"Join the Neon team as a devops engineer and help build thoughtful products people love. You will own projects from idea to release, collaborate with design and engineering, and make decisions supported by user research and reliable data. We value clear communication, accessible experiences, and pragmatic problem solving. Bring practical experience with AWS, Kubernetes, Terraform, CI/CD, Linux, Docker. Benefits include flexible working, a learning budget, and generous paid time off. This is a synthetic opening for the SkillMatch demonstration.",AWS|Kubernetes|Terraform|CI/CD|Linux|Docker,2026-09-01
58,Mobile Developer,PlanetScale,"New York, NY",Full-time,130000,170000,"Join the PlanetScale team as a mobile developer and help build thoughtful products people love. You will own projects from idea to release, collaborate with design and engineering, and make decisions supported by user research and reliable data. We value clear communication, accessible experiences, and pragmatic problem solving. Bring practical experience with Swift, Kotlin, Git, REST APIs, Unit Testing. Benefits include flexible working, a learning budget, and generous paid time off. This is a synthetic opening for the SkillMatch demonstration.",Swift|Kotlin|Git|REST APIs|Unit Testing,2026-09-02
59,Analytics Engineer,PostHog,"London, UK",Full-time,105000,145000,"Join the PostHog team as a analytics engineer and help build thoughtful products people love. You will own projects from idea to release, collaborate with design and engineering, and make decisions supported by user research and reliable data. We value clear communication, accessible experiences, and pragmatic problem solving. Bring practical experience with SQL, dbt, Snowflake, Python, Data Modeling. Benefits include flexible working, a learning budget, and generous paid time off. This is a synthetic opening for the SkillMatch demonstration.",SQL|dbt|Snowflake|Python|Data Modeling,2026-09-03
60,Security Engineer,Tailscale,"Bengaluru, IN",Full-time,145000,185000,"Join the Tailscale team as a security engineer and help build thoughtful products people love. You will own projects from idea to release, collaborate with design and engineering, and make decisions supported by user research and reliable data. We value clear communication, accessible experiences, and pragmatic problem solving. Bring practical experience with Cloud Security, Python, OWASP, Threat Modeling, Linux. Benefits include flexible working, a learning budget, and generous paid time off. This is a synthetic opening for the SkillMatch demonstration.",Cloud Security|Python|OWASP|Threat Modeling|Linux,2026-09-04
61,Senior Frontend Developer,Linear,Remote,Full-time,85000,125000,"Join the Linear team as a senior frontend developer and help build thoughtful products people love. You will own projects from idea to release, collaborate with design and engineering, and make decisions supported by user research and reliable data. We value clear communication, accessible experiences, and pragmatic problem solving. Bring practical experience with React, TypeScript, JavaScript, CSS, Next.js, Git. Benefits include flexible working, a learning budget, and generous paid time off. This is a synthetic opening for the SkillMatch demonstration.",React|TypeScript|JavaScript|CSS|Next.js|Git,2026-09-05
62,Full Stack Engineer,Vercel,"San Francisco, CA",Full-time,140000,180000,"Join the Vercel team as a full stack engineer and help build thoughtful products people love. You will own projects from idea to release, collaborate with design and engineering, and make decisions supported by user research and reliable data. We value clear communication, accessible experiences, and pragmatic problem solving. Bring practical experience with React, Node.js, TypeScript, PostgreSQL, Docker, REST APIs. Benefits include flexible working, a learning budget, and generous paid time off. This is a synthetic opening for the SkillMatch demonstration.",React|Node.js|TypeScript|PostgreSQL|Docker|REST APIs,2026-09-06
63,Product Designer,Notion,"New York, NY",Full-time,120000,160000,"Join the Notion team as a product designer and help build thoughtful products people love. You will own projects from idea to release, collaborate with design and engineering, and make decisions supported by user research and reliable data. We value clear communication, accessible experiences, and pragmatic problem solving. Bring practical experience with Figma, UI Design, UX Research, Prototyping, Design Systems. Benefits include flexible working, a learning budget, and generous paid time off. This is a synthetic opening for the SkillMatch demonstration.",Figma|UI Design|UX Research|Prototyping|Design Systems,2026-09-07
64,Python Backend Engineer,Stripe,"London, UK",Contract,125000,165000,"Join the Stripe team as a python backend engineer and help build thoughtful products people love. You will own projects from idea to release, collaborate with design and engineering, and make decisions supported by user research and reliable data. We value clear communication, accessible experiences, and pragmatic problem solving. Bring practical experience with Python, FastAPI, PostgreSQL, Docker, Redis, Pytest. Benefits include flexible working, a learning budget, and generous paid time off. This is a synthetic opening for the SkillMatch demonstration.",Python|FastAPI|PostgreSQL|Docker|Redis|Pytest,2026-09-08
65,Data Scientist,Figma,"Bengaluru, IN",Full-time,90000,130000,"Join the Figma team as a data scientist and help build thoughtful products people love. You will own projects from idea to release, collaborate with design and engineering, and make decisions supported by user research and reliable data. We value clear communication, accessible experiences, and pragmatic problem solving. Bring practical experience with Python, Pandas, Machine Learning, SQL, Statistics, Scikit-learn. Benefits include flexible working, a learning budget, and generous paid time off. This is a synthetic opening for the SkillMatch demonstration.",Python|Pandas|Machine Learning|SQL|Statistics|Scikit-learn,2026-09-09
66,Machine Learning Engineer,Supabase,Remote,Full-time,155000,195000,"Join the Supabase team as a machine learning engineer and help build thoughtful products people love. You will own projects from idea to release, collaborate with design and engineering, and make decisions supported by user research and reliable data. We value clear communication, accessible experiences, and pragmatic problem solving. Bring practical experience with Python, PyTorch, MLOps, Docker, Transformers, AWS. Benefits include flexible working, a learning budget, and generous paid time off. This is a synthetic opening for the SkillMatch demonstration.",Python|PyTorch|MLOps|Docker|Transformers|AWS,2026-09-10
67,DevOps Engineer,Ramp,"San Francisco, CA",Full-time,115000,155000,"Join the Ramp team as a devops engineer and help build thoughtful products people love. You will own projects from idea to release, collaborate with design and engineering, and make decisions supported by user research and reliable data. We value clear communication, accessible experiences, and pragmatic problem solving. Bring practical experience with AWS, Kubernetes, Terraform, CI/CD, Linux, Docker. Benefits include flexible working, a learning budget, and generous paid time off. This is a synthetic opening for the SkillMatch demonstration.",AWS|Kubernetes|Terraform|CI/CD|Linux|Docker,2026-09-11
68,Mobile Developer,Arc,"New York, NY",Full-time,90000,130000,"Join the Arc team as a mobile developer and help build thoughtful products people love. You will own projects from idea to release, collaborate with design and engineering, and make decisions supported by user research and reliable data. We value clear communication, accessible experiences, and pragmatic problem solving. Bring practical experience with Swift, Kotlin, Git, REST APIs, Unit Testing. Benefits include flexible working, a learning budget, and generous paid time off. This is a synthetic opening for the SkillMatch demonstration.",Swift|Kotlin|Git|REST APIs|Unit Testing,2026-09-12
69,Analytics Engineer,Mercury,"London, UK",Full-time,125000,165000,"Join the Mercury team as a analytics engineer and help build thoughtful products people love. You will own projects from idea to release, collaborate with design and engineering, and make decisions supported by user research and reliable data. We value clear communication, accessible experiences, and pragmatic problem solving. Bring practical experience with SQL, dbt, Snowflake, Python, Data Modeling. Benefits include flexible working, a learning budget, and generous paid time off. This is a synthetic opening for the SkillMatch demonstration.",SQL|dbt|Snowflake|Python|Data Modeling,2026-09-13
70,Security Engineer,Raycast,"Bengaluru, IN",Full-time,105000,145000,"Join the Raycast team as a security engineer and help build thoughtful products people love. You will own projects from idea to release, collaborate with design and engineering, and make decisions supported by user research and reliable data. We value clear communication, accessible experiences, and pragmatic problem solving. Bring practical experience with Cloud Security, Python, OWASP, Threat Modeling, Linux. Benefits include flexible working, a learning budget, and generous paid time off. This is a synthetic opening for the SkillMatch demonstration.",Cloud Security|Python|OWASP|Threat Modeling|Linux,2026-09-14
71,Senior Frontend Developer,Loom,Remote,Full-time,150000,190000,"Join the Loom team as a senior frontend developer and help build thoughtful products people love. You will own projects from idea to release, collaborate with design and engineering, and make decisions supported by user research and reliable data. We value clear communication, accessible experiences, and pragmatic problem solving. Bring practical experience with React, TypeScript, JavaScript, CSS, Next.js, Git. Benefits include flexible working, a learning budget, and generous paid time off. This is a synthetic opening for the SkillMatch demonstration.",React|TypeScript|JavaScript|CSS|Next.js|Git,2026-09-15
72,Full Stack Engineer,Webflow,"San Francisco, CA",Full-time,135000,175000,"Join the Webflow team as a full stack engineer and help build thoughtful products people love. You will own projects from idea to release, collaborate with design and engineering, and make decisions supported by user research and reliable data. We value clear communication, accessible experiences, and pragmatic problem solving. Bring practical experience with React, Node.js, TypeScript, PostgreSQL, Docker, REST APIs. Benefits include flexible working, a learning budget, and generous paid time off. This is a synthetic opening for the SkillMatch demonstration.",React|Node.js|TypeScript|PostgreSQL|Docker|REST APIs,2026-09-16
73,Product Designer,Retool,"New York, NY",Contract,130000,170000,"Join the Retool team as a product designer and help build thoughtful products people love. You will own projects from idea to release, collaborate with design and engineering, and make decisions supported by user research and reliable data. We value clear communication, accessible experiences, and pragmatic problem solving. Bring practical experience with Figma, UI Design, UX Research, Prototyping, Design Systems. Benefits include flexible working, a learning budget, and generous paid time off. This is a synthetic opening for the SkillMatch demonstration.",Figma|UI Design|UX Research|Prototyping|Design Systems,2026-09-17
74,Python Backend Engineer,Resend,"London, UK",Full-time,155000,195000,"Join the Resend team as a python backend engineer and help build thoughtful products people love. You will own projects from idea to release, collaborate with design and engineering, and make decisions supported by user research and reliable data. We value clear communication, accessible experiences, and pragmatic problem solving. Bring practical experience with Python, FastAPI, PostgreSQL, Docker, Redis, Pytest. Benefits include flexible working, a learning budget, and generous paid time off. This is a synthetic opening for the SkillMatch demonstration.",Python|FastAPI|PostgreSQL|Docker|Redis|Pytest,2026-09-18
75,Data Scientist,Cal.com,"Bengaluru, IN",Full-time,150000,190000,"Join the Cal.com team as a data scientist and help build thoughtful products people love. You will own projects from idea to release, collaborate with design and engineering, and make decisions supported by user research and reliable data. We value clear communication, accessible experiences, and pragmatic problem solving. Bring practical experience with Python, Pandas, Machine Learning, SQL, Statistics, Scikit-learn. Benefits include flexible working, a learning budget, and generous paid time off. This is a synthetic opening for the SkillMatch demonstration.",Python|Pandas|Machine Learning|SQL|Statistics|Scikit-learn,2026-09-19
76,Machine Learning Engineer,Clerk,Remote,Full-time,110000,150000,"Join the Clerk team as a machine learning engineer and help build thoughtful products people love. You will own projects from idea to release, collaborate with design and engineering, and make decisions supported by user research and reliable data. We value clear communication, accessible experiences, and pragmatic problem solving. Bring practical experience with Python, PyTorch, MLOps, Docker, Transformers, AWS. Benefits include flexible working, a learning budget, and generous paid time off. This is a synthetic opening for the SkillMatch demonstration.",Python|PyTorch|MLOps|Docker|Transformers|AWS,2026-09-20
77,DevOps Engineer,Neon,"San Francisco, CA",Full-time,130000,170000,"Join the Neon team as a devops engineer and help build thoughtful products people love. You will own projects from idea to release, collaborate with design and engineering, and make decisions supported by user research and reliable data. We value clear communication, accessible experiences, and pragmatic problem solving. Bring practical experience with AWS, Kubernetes, Terraform, CI/CD, Linux, Docker. Benefits include flexible working, a learning budget, and generous paid time off. This is a synthetic opening for the SkillMatch demonstration.",AWS|Kubernetes|Terraform|CI/CD|Linux|Docker,2026-09-21
78,Mobile Developer,PlanetScale,"New York, NY",Full-time,100000,140000,"Join the PlanetScale team as a mobile developer and help build thoughtful products people love. You will own projects from idea to release, collaborate with design and engineering, and make decisions supported by user research and reliable data. We value clear communication, accessible experiences, and pragmatic problem solving. Bring practical experience with Swift, Kotlin, Git, REST APIs, Unit Testing. Benefits include flexible working, a learning budget, and generous paid time off. This is a synthetic opening for the SkillMatch demonstration.",Swift|Kotlin|Git|REST APIs|Unit Testing,2026-09-22
79,Analytics Engineer,PostHog,"London, UK",Full-time,140000,180000,"Join the PostHog team as a analytics engineer and help build thoughtful products people love. You will own projects from idea to release, collaborate with design and engineering, and make decisions supported by user research and reliable data. We value clear communication, accessible experiences, and pragmatic problem solving. Bring practical experience with SQL, dbt, Snowflake, Python, Data Modeling. Benefits include flexible working, a learning budget, and generous paid time off. This is a synthetic opening for the SkillMatch demonstration.",SQL|dbt|Snowflake|Python|Data Modeling,2026-09-23
80,Security Engineer,Tailscale,"Bengaluru, IN",Full-time,90000,130000,"Join the Tailscale team as a security engineer and help build thoughtful products people love. You will own projects from idea to release, collaborate with design and engineering, and make decisions supported by user research and reliable data. We value clear communication, accessible experiences, and pragmatic problem solving. Bring practical experience with Cloud Security, Python, OWASP, Threat Modeling, Linux. Benefits include flexible working, a learning budget, and generous paid time off. This is a synthetic opening for the SkillMatch demonstration.",Cloud Security|Python|OWASP|Threat Modeling|Linux,2026-09-24
81,Senior Frontend Developer,Linear,Remote,Full-time,85000,125000,"Join the Linear team as a senior frontend developer and help build thoughtful products people love. You will own projects from idea to release, collaborate with design and engineering, and make decisions supported by user research and reliable data. We value clear communication, accessible experiences, and pragmatic problem solving. Bring practical experience with React, TypeScript, JavaScript, CSS, Next.js, Git. Benefits include flexible working, a learning budget, and generous paid time off. This is a synthetic opening for the SkillMatch demonstration.",React|TypeScript|JavaScript|CSS|Next.js|Git,2026-09-25
82,Full Stack Engineer,Vercel,"San Francisco, CA",Contract,135000,175000,"Join the Vercel team as a full stack engineer and help build thoughtful products people love. You will own projects from idea to release, collaborate with design and engineering, and make decisions supported by user research and reliable data. We value clear communication, accessible experiences, and pragmatic problem solving. Bring practical experience with React, Node.js, TypeScript, PostgreSQL, Docker, REST APIs. Benefits include flexible working, a learning budget, and generous paid time off. This is a synthetic opening for the SkillMatch demonstration.",React|Node.js|TypeScript|PostgreSQL|Docker|REST APIs,2026-09-26
83,Product Designer,Notion,"New York, NY",Full-time,100000,140000,"Join the Notion team as a product designer and help build thoughtful products people love. You will own projects from idea to release, collaborate with design and engineering, and make decisions supported by user research and reliable data. We value clear communication, accessible experiences, and pragmatic problem solving. Bring practical experience with Figma, UI Design, UX Research, Prototyping, Design Systems. Benefits include flexible working, a learning budget, and generous paid time off. This is a synthetic opening for the SkillMatch demonstration.",Figma|UI Design|UX Research|Prototyping|Design Systems,2026-09-27
84,Python Backend Engineer,Stripe,"London, UK",Full-time,145000,185000,"Join the Stripe team as a python backend engineer and help build thoughtful products people love. You will own projects from idea to release, collaborate with design and engineering, and make decisions supported by user research and reliable data. We value clear communication, accessible experiences, and pragmatic problem solving. Bring practical experience with Python, FastAPI, PostgreSQL, Docker, Redis, Pytest. Benefits include flexible working, a learning budget, and generous paid time off. This is a synthetic opening for the SkillMatch demonstration.",Python|FastAPI|PostgreSQL|Docker|Redis|Pytest,2026-09-28
85,Data Scientist,Figma,"Bengaluru, IN",Full-time,105000,145000,"Join the Figma team as a data scientist and help build thoughtful products people love. You will own projects from idea to release, collaborate with design and engineering, and make decisions supported by user research and reliable data. We value clear communication, accessible experiences, and pragmatic problem solving. Bring practical experience with Python, Pandas, Machine Learning, SQL, Statistics, Scikit-learn. Benefits include flexible working, a learning budget, and generous paid time off. This is a synthetic opening for the SkillMatch demonstration.",Python|Pandas|Machine Learning|SQL|Statistics|Scikit-learn,2026-09-01
86,Machine Learning Engineer,Supabase,Remote,Full-time,90000,130000,"Join the Supabase team as a machine learning engineer and help build thoughtful products people love. You will own projects from idea to release, collaborate with design and engineering, and make decisions supported by user research and reliable data. We value clear communication, accessible experiences, and pragmatic problem solving. Bring practical experience with Python, PyTorch, MLOps, Docker, Transformers, AWS. Benefits include flexible working, a learning budget, and generous paid time off. This is a synthetic opening for the SkillMatch demonstration.",Python|PyTorch|MLOps|Docker|Transformers|AWS,2026-09-02
87,DevOps Engineer,Ramp,"San Francisco, CA",Full-time,150000,190000,"Join the Ramp team as a devops engineer and help build thoughtful products people love. You will own projects from idea to release, collaborate with design and engineering, and make decisions supported by user research and reliable data. We value clear communication, accessible experiences, and pragmatic problem solving. Bring practical experience with AWS, Kubernetes, Terraform, CI/CD, Linux, Docker. Benefits include flexible working, a learning budget, and generous paid time off. This is a synthetic opening for the SkillMatch demonstration.",AWS|Kubernetes|Terraform|CI/CD|Linux|Docker,2026-09-03
88,Mobile Developer,Arc,"New York, NY",Full-time,100000,140000,"Join the Arc team as a mobile developer and help build thoughtful products people love. You will own projects from idea to release, collaborate with design and engineering, and make decisions supported by user research and reliable data. We value clear communication, accessible experiences, and pragmatic problem solving. Bring practical experience with Swift, Kotlin, Git, REST APIs, Unit Testing. Benefits include flexible working, a learning budget, and generous paid time off. This is a synthetic opening for the SkillMatch demonstration.",Swift|Kotlin|Git|REST APIs|Unit Testing,2026-09-04
89,Analytics Engineer,Mercury,"London, UK",Full-time,150000,190000,"Join the Mercury team as a analytics engineer and help build thoughtful products people love. You will own projects from idea to release, collaborate with design and engineering, and make decisions supported by user research and reliable data. We value clear communication, accessible experiences, and pragmatic problem solving. Bring practical experience with SQL, dbt, Snowflake, Python, Data Modeling. Benefits include flexible working, a learning budget, and generous paid time off. This is a synthetic opening for the SkillMatch demonstration.",SQL|dbt|Snowflake|Python|Data Modeling,2026-09-05
90,Security Engineer,Raycast,"Bengaluru, IN",Full-time,90000,130000,"Join the Raycast team as a security engineer and help build thoughtful products people love. You will own projects from idea to release, collaborate with design and engineering, and make decisions supported by user research and reliable data. We value clear communication, accessible experiences, and pragmatic problem solving. Bring practical experience with Cloud Security, Python, OWASP, Threat Modeling, Linux. Benefits include flexible working, a learning budget, and generous paid time off. This is a synthetic opening for the SkillMatch demonstration.",Cloud Security|Python|OWASP|Threat Modeling|Linux,2026-09-06
91,Senior Frontend Developer,Loom,Remote,Contract,115000,155000,"Join the Loom team as a senior frontend developer and help build thoughtful products people love. You will own projects from idea to release, collaborate with design and engineering, and make decisions supported by user research and reliable data. We value clear communication, accessible experiences, and pragmatic problem solving. Bring practical experience with React, TypeScript, JavaScript, CSS, Next.js, Git. Benefits include flexible working, a learning budget, and generous paid time off. This is a synthetic opening for the SkillMatch demonstration.",React|TypeScript|JavaScript|CSS|Next.js|Git,2026-09-07
92,Full Stack Engineer,Webflow,"San Francisco, CA",Full-time,105000,145000,"Join the Webflow team as a full stack engineer and help build thoughtful products people love. You will own projects from idea to release, collaborate with design and engineering, and make decisions supported by user research and reliable data. We value clear communication, accessible experiences, and pragmatic problem solving. Bring practical experience with React, Node.js, TypeScript, PostgreSQL, Docker, REST APIs. Benefits include flexible working, a learning budget, and generous paid time off. This is a synthetic opening for the SkillMatch demonstration.",React|Node.js|TypeScript|PostgreSQL|Docker|REST APIs,2026-09-08
93,Product Designer,Retool,"New York, NY",Full-time,120000,160000,"Join the Retool team as a product designer and help build thoughtful products people love. You will own projects from idea to release, collaborate with design and engineering, and make decisions supported by user research and reliable data. We value clear communication, accessible experiences, and pragmatic problem solving. Bring practical experience with Figma, UI Design, UX Research, Prototyping, Design Systems. Benefits include flexible working, a learning budget, and generous paid time off. This is a synthetic opening for the SkillMatch demonstration.",Figma|UI Design|UX Research|Prototyping|Design Systems,2026-09-09
94,Python Backend Engineer,Resend,"London, UK",Full-time,135000,175000,"Join the Resend team as a python backend engineer and help build thoughtful products people love. You will own projects from idea to release, collaborate with design and engineering, and make decisions supported by user research and reliable data. We value clear communication, accessible experiences, and pragmatic problem solving. Bring practical experience with Python, FastAPI, PostgreSQL, Docker, Redis, Pytest. Benefits include flexible working, a learning budget, and generous paid time off. This is a synthetic opening for the SkillMatch demonstration.",Python|FastAPI|PostgreSQL|Docker|Redis|Pytest,2026-09-10
95,Data Scientist,Cal.com,"Bengaluru, IN",Full-time,150000,190000,"Join the Cal.com team as a data scientist and help build thoughtful products people love. You will own projects from idea to release, collaborate with design and engineering, and make decisions supported by user research and reliable data. We value clear communication, accessible experiences, and pragmatic problem solving. Bring practical experience with Python, Pandas, Machine Learning, SQL, Statistics, Scikit-learn. Benefits include flexible working, a learning budget, and generous paid time off. This is a synthetic opening for the SkillMatch demonstration.",Python|Pandas|Machine Learning|SQL|Statistics|Scikit-learn,2026-09-11
96,Machine Learning Engineer,Clerk,Remote,Full-time,110000,150000,"Join the Clerk team as a machine learning engineer and help build thoughtful products people love. You will own projects from idea to release, collaborate with design and engineering, and make decisions supported by user research and reliable data. We value clear communication, accessible experiences, and pragmatic problem solving. Bring practical experience with Python, PyTorch, MLOps, Docker, Transformers, AWS. Benefits include flexible working, a learning budget, and generous paid time off. This is a synthetic opening for the SkillMatch demonstration.",Python|PyTorch|MLOps|Docker|Transformers|AWS,2026-09-12
97,DevOps Engineer,Neon,"San Francisco, CA",Full-time,95000,135000,"Join the Neon team as a devops engineer and help build thoughtful products people love. You will own projects from idea to release, collaborate with design and engineering, and make decisions supported by user research and reliable data. We value clear communication, accessible experiences, and pragmatic problem solving. Bring practical experience with AWS, Kubernetes, Terraform, CI/CD, Linux, Docker. Benefits include flexible working, a learning budget, and generous paid time off. This is a synthetic opening for the SkillMatch demonstration.",AWS|Kubernetes|Terraform|CI/CD|Linux|Docker,2026-09-13
98,Mobile Developer,PlanetScale,"New York, NY",Full-time,110000,150000,"Join the PlanetScale team as a mobile developer and help build thoughtful products people love. You will own projects from idea to release, collaborate with design and engineering, and make decisions supported by user research and reliable data. We value clear communication, accessible experiences, and pragmatic problem solving. Bring practical experience with Swift, Kotlin, Git, REST APIs, Unit Testing. Benefits include flexible working, a learning budget, and generous paid time off. This is a synthetic opening for the SkillMatch demonstration.",Swift|Kotlin|Git|REST APIs|Unit Testing,2026-09-14
99,Analytics Engineer,PostHog,"London, UK",Full-time,110000,150000,"Join the PostHog team as a analytics engineer and help build thoughtful products people love. You will own projects from idea to release, collaborate with design and engineering, and make decisions supported by user research and reliable data. We value clear communication, accessible experiences, and pragmatic problem solving. Bring practical experience with SQL, dbt, Snowflake, Python, Data Modeling. Benefits include flexible working, a learning budget, and generous paid time off. This is a synthetic opening for the SkillMatch demonstration.",SQL|dbt|Snowflake|Python|Data Modeling,2026-09-15
100,Security Engineer,Tailscale,"Bengaluru, IN",Contract,100000,140000,"Join the Tailscale team as a security engineer and help build thoughtful products people love. You will own projects from idea to release, collaborate with design and engineering, and make decisions supported by user research and reliable data. We value clear communication, accessible experiences, and pragmatic problem solving. Bring practical experience with Cloud Security, Python, OWASP, Threat Modeling, Linux. Benefits include flexible working, a learning budget, and generous paid time off. This is a synthetic opening for the SkillMatch demonstration.",Cloud Security|Python|OWASP|Threat Modeling|Linux,2026-09-16
101,Senior Frontend Developer,Linear,Remote,Full-time,135000,175000,"Join the Linear team as a senior frontend developer and help build thoughtful products people love. You will own projects from idea to release, collaborate with design and engineering, and make decisions supported by user research and reliable data. We value clear communication, accessible experiences, and pragmatic problem solving. Bring practical experience with React, TypeScript, JavaScript, CSS, Next.js, Git. Benefits include flexible working, a learning budget, and generous paid time off. This is a synthetic opening for the SkillMatch demonstration.",React|TypeScript|JavaScript|CSS|Next.js|Git,2026-09-17
102,Full Stack Engineer,Vercel,"San Francisco, CA",Full-time,105000,145000,"Join the Vercel team as a full stack engineer and help build thoughtful products people love. You will own projects from idea to release, collaborate with design and engineering, and make decisions supported by user research and reliable data. We value clear communication, accessible experiences, and pragmatic problem solving. Bring practical experience with React, Node.js, TypeScript, PostgreSQL, Docker, REST APIs. Benefits include flexible working, a learning budget, and generous paid time off. This is a synthetic opening for the SkillMatch demonstration.",React|Node.js|TypeScript|PostgreSQL|Docker|REST APIs,2026-09-18
103,Product Designer,Notion,"New York, NY",Full-time,140000,180000,"Join the Notion team as a product designer and help build thoughtful products people love. You will own projects from idea to release, collaborate with design and engineering, and make decisions supported by user research and reliable data. We value clear communication, accessible experiences, and pragmatic problem solving. Bring practical experience with Figma, UI Design, UX Research, Prototyping, Design Systems. Benefits include flexible working, a learning budget, and generous paid time off. This is a synthetic opening for the SkillMatch demonstration.",Figma|UI Design|UX Research|Prototyping|Design Systems,2026-09-19
104,Python Backend Engineer,Stripe,"London, UK",Full-time,155000,195000,"Join the Stripe team as a python backend engineer and help build thoughtful products people love. You will own projects from idea to release, collaborate with design and engineering, and make decisions supported by user research and reliable data. We value clear communication, accessible experiences, and pragmatic problem solving. Bring practical experience with Python, FastAPI, PostgreSQL, Docker, Redis, Pytest. Benefits include flexible working, a learning budget, and generous paid time off. This is a synthetic opening for the SkillMatch demonstration.",Python|FastAPI|PostgreSQL|Docker|Redis|Pytest,2026-09-20
105,Data Scientist,Figma,"Bengaluru, IN",Full-time,135000,175000,"Join the Figma team as a data scientist and help build thoughtful products people love. You will own projects from idea to release, collaborate with design and engineering, and make decisions supported by user research and reliable data. We value clear communication, accessible experiences, and pragmatic problem solving. Bring practical experience with Python, Pandas, Machine Learning, SQL, Statistics, Scikit-learn. Benefits include flexible working, a learning budget, and generous paid time off. This is a synthetic opening for the SkillMatch demonstration.",Python|Pandas|Machine Learning|SQL|Statistics|Scikit-learn,2026-09-21
106,Machine Learning Engineer,Supabase,Remote,Full-time,135000,175000,"Join the Supabase team as a machine learning engineer and help build thoughtful products people love. You will own projects from idea to release, collaborate with design and engineering, and make decisions supported by user research and reliable data. We value clear communication, accessible experiences, and pragmatic problem solving. Bring practical experience with Python, PyTorch, MLOps, Docker, Transformers, AWS. Benefits include flexible working, a learning budget, and generous paid time off. This is a synthetic opening for the SkillMatch demonstration.",Python|PyTorch|MLOps|Docker|Transformers|AWS,2026-09-22
107,DevOps Engineer,Ramp,"San Francisco, CA",Full-time,90000,130000,"Join the Ramp team as a devops engineer and help build thoughtful products people love. You will own projects from idea to release, collaborate with design and engineering, and make decisions supported by user research and reliable data. We value clear communication, accessible experiences, and pragmatic problem solving. Bring practical experience with AWS, Kubernetes, Terraform, CI/CD, Linux, Docker. Benefits include flexible working, a learning budget, and generous paid time off. This is a synthetic opening for the SkillMatch demonstration.",AWS|Kubernetes|Terraform|CI/CD|Linux|Docker,2026-09-23
108,Mobile Developer,Arc,"New York, NY",Full-time,130000,170000,"Join the Arc team as a mobile developer and help build thoughtful products people love. You will own projects from idea to release, collaborate with design and engineering, and make decisions supported by user research and reliable data. We value clear communication, accessible experiences, and pragmatic problem solving. Bring practical experience with Swift, Kotlin, Git, REST APIs, Unit Testing. Benefits include flexible working, a learning budget, and generous paid time off. This is a synthetic opening for the SkillMatch demonstration.",Swift|Kotlin|Git|REST APIs|Unit Testing,2026-09-24
109,Analytics Engineer,Mercury,"London, UK",Contract,135000,175000,"Join the Mercury team as a analytics engineer and help build thoughtful products people love. You will own projects from idea to release, collaborate with design and engineering, and make decisions supported by user research and reliable data. We value clear communication, accessible experiences, and pragmatic problem solving. Bring practical experience with SQL, dbt, Snowflake, Python, Data Modeling. Benefits include flexible working, a learning budget, and generous paid time off. This is a synthetic opening for the SkillMatch demonstration.",SQL|dbt|Snowflake|Python|Data Modeling,2026-09-25
110,Security Engineer,Raycast,"Bengaluru, IN",Full-time,95000,135000,"Join the Raycast team as a security engineer and help build thoughtful products people love. You will own projects from idea to release, collaborate with design and engineering, and make decisions supported by user research and reliable data. We value clear communication, accessible experiences, and pragmatic problem solving. Bring practical experience with Cloud Security, Python, OWASP, Threat Modeling, Linux. Benefits include flexible working, a learning budget, and generous paid time off. This is a synthetic opening for the SkillMatch demonstration.",Cloud Security|Python|OWASP|Threat Modeling|Linux,2026-09-26
111,Senior Frontend Developer,Loom,Remote,Full-time,125000,165000,"Join the Loom team as a senior frontend developer and help build thoughtful products people love. You will own projects from idea to release, collaborate with design and engineering, and make decisions supported by user research and reliable data. We value clear communication, accessible experiences, and pragmatic problem solving. Bring practical experience with React, TypeScript, JavaScript, CSS, Next.js, Git. Benefits include flexible working, a learning budget, and generous paid time off. This is a synthetic opening for the SkillMatch demonstration.",React|TypeScript|JavaScript|CSS|Next.js|Git,2026-09-27
112,Full Stack Engineer,Webflow,"San Francisco, CA",Full-time,140000,180000,"Join the Webflow team as a full stack engineer and help build thoughtful products people love. You will own projects from idea to release, collaborate with design and engineering, and make decisions supported by user research and reliable data. We value clear communication, accessible experiences, and pragmatic problem solving. Bring practical experience with React, Node.js, TypeScript, PostgreSQL, Docker, REST APIs. Benefits include flexible working, a learning budget, and generous paid time off. This is a synthetic opening for the SkillMatch demonstration.",React|Node.js|TypeScript|PostgreSQL|Docker|REST APIs,2026-09-28
113,Product Designer,Retool,"New York, NY",Full-time,100000,140000,"Join the Retool team as a product designer and help build thoughtful products people love. You will own projects from idea to release, collaborate with design and engineering, and make decisions supported by user research and reliable data. We value clear communication, accessible experiences, and pragmatic problem solving. Bring practical experience with Figma, UI Design, UX Research, Prototyping, Design Systems. Benefits include flexible working, a learning budget, and generous paid time off. This is a synthetic opening for the SkillMatch demonstration.",Figma|UI Design|UX Research|Prototyping|Design Systems,2026-09-01
114,Python Backend Engineer,Resend,"London, UK",Full-time,95000,135000,"Join the Resend team as a python backend engineer and help build thoughtful products people love. You will own projects from idea to release, collaborate with design and engineering, and make decisions supported by user research and reliable data. We value clear communication, accessible experiences, and pragmatic problem solving. Bring practical experience with Python, FastAPI, PostgreSQL, Docker, Redis, Pytest. Benefits include flexible working, a learning budget, and generous paid time off. This is a synthetic opening for the SkillMatch demonstration.",Python|FastAPI|PostgreSQL|Docker|Redis|Pytest,2026-09-02
115,Data Scientist,Cal.com,"Bengaluru, IN",Full-time,120000,160000,"Join the Cal.com team as a data scientist and help build thoughtful products people love. You will own projects from idea to release, collaborate with design and engineering, and make decisions supported by user research and reliable data. We value clear communication, accessible experiences, and pragmatic problem solving. Bring practical experience with Python, Pandas, Machine Learning, SQL, Statistics, Scikit-learn. Benefits include flexible working, a learning budget, and generous paid time off. This is a synthetic opening for the SkillMatch demonstration.",Python|Pandas|Machine Learning|SQL|Statistics|Scikit-learn,2026-09-03
116,Machine Learning Engineer,Clerk,Remote,Full-time,115000,155000,"Join the Clerk team as a machine learning engineer and help build thoughtful products people love. You will own projects from idea to release, collaborate with design and engineering, and make decisions supported by user research and reliable data. We value clear communication, accessible experiences, and pragmatic problem solving. Bring practical experience with Python, PyTorch, MLOps, Docker, Transformers, AWS. Benefits include flexible working, a learning budget, and generous paid time off. This is a synthetic opening for the SkillMatch demonstration.",Python|PyTorch|MLOps|Docker|Transformers|AWS,2026-09-04
117,DevOps Engineer,Neon,"San Francisco, CA",Full-time,105000,145000,"Join the Neon team as a devops engineer and help build thoughtful products people love. You will own projects from idea to release, collaborate with design and engineering, and make decisions supported by user research and reliable data. We value clear communication, accessible experiences, and pragmatic problem solving. Bring practical experience with AWS, Kubernetes, Terraform, CI/CD, Linux, Docker. Benefits include flexible working, a learning budget, and generous paid time off. This is a synthetic opening for the SkillMatch demonstration.",AWS|Kubernetes|Terraform|CI/CD|Linux|Docker,2026-09-05
118,Mobile Developer,PlanetScale,"New York, NY",Contract,155000,195000,"Join the PlanetScale team as a mobile developer and help build thoughtful products people love. You will own projects from idea to release, collaborate with design and engineering, and make decisions supported by user research and reliable data. We value clear communication, accessible experiences, and pragmatic problem solving. Bring practical experience with Swift, Kotlin, Git, REST APIs, Unit Testing. Benefits include flexible working, a learning budget, and generous paid time off. This is a synthetic opening for the SkillMatch demonstration.",Swift|Kotlin|Git|REST APIs|Unit Testing,2026-09-06
119,Analytics Engineer,PostHog,"London, UK",Full-time,135000,175000,"Join the PostHog team as a analytics engineer and help build thoughtful products people love. You will own projects from idea to release, collaborate with design and engineering, and make decisions supported by user research and reliable data. We value clear communication, accessible experiences, and pragmatic problem solving. Bring practical experience with SQL, dbt, Snowflake, Python, Data Modeling. Benefits include flexible working, a learning budget, and generous paid time off. This is a synthetic opening for the SkillMatch demonstration.",SQL|dbt|Snowflake|Python|Data Modeling,2026-09-07
120,Security Engineer,Tailscale,"Bengaluru, IN",Full-time,140000,180000,"Join the Tailscale team as a security engineer and help build thoughtful products people love. You will own projects from idea to release, collaborate with design and engineering, and make decisions supported by user research and reliable data. We value clear communication, accessible experiences, and pragmatic problem solving. Bring practical experience with Cloud Security, Python, OWASP, Threat Modeling, Linux. Benefits include flexible working, a learning budget, and generous paid time off. This is a synthetic opening for the SkillMatch demonstration.",Cloud Security|Python|OWASP|Threat Modeling|Linux,2026-09-08
121,Senior Frontend Developer,Linear,Remote,Full-time,125000,165000,"Join the Linear team as a senior frontend developer and help build thoughtful products people love. You will own projects from idea to release, collaborate with design and engineering, and make decisions supported by user research and reliable data. We value clear communication, accessible experiences, and pragmatic problem solving. Bring practical experience with React, TypeScript, JavaScript, CSS, Next.js, Git. Benefits include flexible working, a learning budget, and generous paid time off. This is a synthetic opening for the SkillMatch demonstration.",React|TypeScript|JavaScript|CSS|Next.js|Git,2026-09-09
122,Full Stack Engineer,Vercel,"San Francisco, CA",Full-time,100000,140000,"Join the Vercel team as a full stack engineer and help build thoughtful products people love. You will own projects from idea to release, collaborate with design and engineering, and make decisions supported by user research and reliable data. We value clear communication, accessible experiences, and pragmatic problem solving. Bring practical experience with React, Node.js, TypeScript, PostgreSQL, Docker, REST APIs. Benefits include flexible working, a learning budget, and generous paid time off. This is a synthetic opening for the SkillMatch demonstration.",React|Node.js|TypeScript|PostgreSQL|Docker|REST APIs,2026-09-10
123,Product Designer,Notion,"New York, NY",Full-time,135000,175000,"Join the Notion team as a product designer and help build thoughtful products people love. You will own projects from idea to release, collaborate with design and engineering, and make decisions supported by user research and reliable data. We value clear communication, accessible experiences, and pragmatic problem solving. Bring practical experience with Figma, UI Design, UX Research, Prototyping, Design Systems. Benefits include flexible working, a learning budget, and generous paid time off. This is a synthetic opening for the SkillMatch demonstration.",Figma|UI Design|UX Research|Prototyping|Design Systems,2026-09-11
124,Python Backend Engineer,Stripe,"London, UK",Full-time,110000,150000,"Join the Stripe team as a python backend engineer and help build thoughtful products people love. You will own projects from idea to release, collaborate with design and engineering, and make decisions supported by user research and reliable data. We value clear communication, accessible experiences, and pragmatic problem solving. Bring practical experience with Python, FastAPI, PostgreSQL, Docker, Redis, Pytest. Benefits include flexible working, a learning budget, and generous paid time off. This is a synthetic opening for the SkillMatch demonstration.",Python|FastAPI|PostgreSQL|Docker|Redis|Pytest,2026-09-12
125,Data Scientist,Figma,"Bengaluru, IN",Full-time,150000,190000,"Join the Figma team as a data scientist and help build thoughtful products people love. You will own projects from idea to release, collaborate with design and engineering, and make decisions supported by user research and reliable data. We value clear communication, accessible experiences, and pragmatic problem solving. Bring practical experience with Python, Pandas, Machine Learning, SQL, Statistics, Scikit-learn. Benefits include flexible working, a learning budget, and generous paid time off. This is a synthetic opening for the SkillMatch demonstration.",Python|Pandas|Machine Learning|SQL|Statistics|Scikit-learn,2026-09-13
126,Machine Learning Engineer,Supabase,Remote,Full-time,145000,185000,"Join the Supabase team as a machine learning engineer and help build thoughtful products people love. You will own projects from idea to release, collaborate with design and engineering, and make decisions supported by user research and reliable data. We value clear communication, accessible experiences, and pragmatic problem solving. Bring practical experience with Python, PyTorch, MLOps, Docker, Transformers, AWS. Benefits include flexible working, a learning budget, and generous paid time off. This is a synthetic opening for the SkillMatch demonstration.",Python|PyTorch|MLOps|Docker|Transformers|AWS,2026-09-14
127,DevOps Engineer,Ramp,"San Francisco, CA",Contract,145000,185000,"Join the Ramp team as a devops engineer and help build thoughtful products people love. You will own projects from idea to release, collaborate with design and engineering, and make decisions supported by user research and reliable data. We value clear communication, accessible experiences, and pragmatic problem solving. Bring practical experience with AWS, Kubernetes, Terraform, CI/CD, Linux, Docker. Benefits include flexible working, a learning budget, and generous paid time off. This is a synthetic opening for the SkillMatch demonstration.",AWS|Kubernetes|Terraform|CI/CD|Linux|Docker,2026-09-15
128,Mobile Developer,Arc,"New York, NY",Full-time,85000,125000,"Join the Arc team as a mobile developer and help build thoughtful products people love. You will own projects from idea to release, collaborate with design and engineering, and make decisions supported by user research and reliable data. We value clear communication, accessible experiences, and pragmatic problem solving. Bring practical experience with Swift, Kotlin, Git, REST APIs, Unit Testing. Benefits include flexible working, a learning budget, and generous paid time off. This is a synthetic opening for the SkillMatch demonstration.",Swift|Kotlin|Git|REST APIs|Unit Testing,2026-09-16
129,Analytics Engineer,Mercury,"London, UK",Full-time,100000,140000,"Join the Mercury team as a analytics engineer and help build thoughtful products people love. You will own projects from idea to release, collaborate with design and engineering, and make decisions supported by user research and reliable data. We value clear communication, accessible experiences, and pragmatic problem solving. Bring practical experience with SQL, dbt, Snowflake, Python, Data Modeling. Benefits include flexible working, a learning budget, and generous paid time off. This is a synthetic opening for the SkillMatch demonstration.",SQL|dbt|Snowflake|Python|Data Modeling,2026-09-17
130,Security Engineer,Raycast,"Bengaluru, IN",Full-time,150000,190000,"Join the Raycast team as a security engineer and help build thoughtful products people love. You will own projects from idea to release, collaborate with design and engineering, and make decisions supported by user research and reliable data. We value clear communication, accessible experiences, and pragmatic problem solving. Bring practical experience with Cloud Security, Python, OWASP, Threat Modeling, Linux. Benefits include flexible working, a learning budget, and generous paid time off. This is a synthetic opening for the SkillMatch demonstration.",Cloud Security|Python|OWASP|Threat Modeling|Linux,2026-09-18
131,Senior Frontend Developer,Loom,Remote,Full-time,85000,125000,"Join the Loom team as a senior frontend developer and help build thoughtful products people love. You will own projects from idea to release, collaborate with design and engineering, and make decisions supported by user research and reliable data. We value clear communication, accessible experiences, and pragmatic problem solving. Bring practical experience with React, TypeScript, JavaScript, CSS, Next.js, Git. Benefits include flexible working, a learning budget, and generous paid time off. This is a synthetic opening for the SkillMatch demonstration.",React|TypeScript|JavaScript|CSS|Next.js|Git,2026-09-19
132,Full Stack Engineer,Webflow,"San Francisco, CA",Full-time,145000,185000,"Join the Webflow team as a full stack engineer and help build thoughtful products people love. You will own projects from idea to release, collaborate with design and engineering, and make decisions supported by user research and reliable data. We value clear communication, accessible experiences, and pragmatic problem solving. Bring practical experience with React, Node.js, TypeScript, PostgreSQL, Docker, REST APIs. Benefits include flexible working, a learning budget, and generous paid time off. This is a synthetic opening for the SkillMatch demonstration.",React|Node.js|TypeScript|PostgreSQL|Docker|REST APIs,2026-09-20
133,Product Designer,Retool,"New York, NY",Full-time,110000,150000,"Join the Retool team as a product designer and help build thoughtful products people love. You will own projects from idea to release, collaborate with design and engineering, and make decisions supported by user research and reliable data. We value clear communication, accessible experiences, and pragmatic problem solving. Bring practical experience with Figma, UI Design, UX Research, Prototyping, Design Systems. Benefits include flexible working, a learning budget, and generous paid time off. This is a synthetic opening for the SkillMatch demonstration.",Figma|UI Design|UX Research|Prototyping|Design Systems,2026-09-21
134,Python Backend Engineer,Resend,"London, UK",Full-time,115000,155000,"Join the Resend team as a python backend engineer and help build thoughtful products people love. You will own projects from idea to release, collaborate with design and engineering, and make decisions supported by user research and reliable data. We value clear communication, accessible experiences, and pragmatic problem solving. Bring practical experience with Python, FastAPI, PostgreSQL, Docker, Redis, Pytest. Benefits include flexible working, a learning budget, and generous paid time off. This is a synthetic opening for the SkillMatch demonstration.",Python|FastAPI|PostgreSQL|Docker|Redis|Pytest,2026-09-22
135,Data Scientist,Cal.com,"Bengaluru, IN",Full-time,105000,145000,"Join the Cal.com team as a data scientist and help build thoughtful products people love. You will own projects from idea to release, collaborate with design and engineering, and make decisions supported by user research and reliable data. We value clear communication, accessible experiences, and pragmatic problem solving. Bring practical experience with Python, Pandas, Machine Learning, SQL, Statistics, Scikit-learn. Benefits include flexible working, a learning budget, and generous paid time off. This is a synthetic opening for the SkillMatch demonstration.",Python|Pandas|Machine Learning|SQL|Statistics|Scikit-learn,2026-09-23
136,Machine Learning Engineer,Clerk,Remote,Contract,90000,130000,"Join the Clerk team as a machine learning engineer and help build thoughtful products people love. You will own projects from idea to release, collaborate with design and engineering, and make decisions supported by user research and reliable data. We value clear communication, accessible experiences, and pragmatic problem solving. Bring practical experience with Python, PyTorch, MLOps, Docker, Transformers, AWS. Benefits include flexible working, a learning budget, and generous paid time off. This is a synthetic opening for the SkillMatch demonstration.",Python|PyTorch|MLOps|Docker|Transformers|AWS,2026-09-24
137,DevOps Engineer,Neon,"San Francisco, CA",Full-time,100000,140000,"Join the Neon team as a devops engineer and help build thoughtful products people love. You will own projects from idea to release, collaborate with design and engineering, and make decisions supported by user research and reliable data. We value clear communication, accessible experiences, and pragmatic problem solving. Bring practical experience with AWS, Kubernetes, Terraform, CI/CD, Linux, Docker. Benefits include flexible working, a learning budget, and generous paid time off. This is a synthetic opening for the SkillMatch demonstration.",AWS|Kubernetes|Terraform|CI/CD|Linux|Docker,2026-09-25
138,Mobile Developer,PlanetScale,"New York, NY",Full-time,155000,195000,"Join the PlanetScale team as a mobile developer and help build thoughtful products people love. You will own projects from idea to release, collaborate with design and engineering, and make decisions supported by user research and reliable data. We value clear communication, accessible experiences, and pragmatic problem solving. Bring practical experience with Swift, Kotlin, Git, REST APIs, Unit Testing. Benefits include flexible working, a learning budget, and generous paid time off. This is a synthetic opening for the SkillMatch demonstration.",Swift|Kotlin|Git|REST APIs|Unit Testing,2026-09-26
139,Analytics Engineer,PostHog,"London, UK",Full-time,130000,170000,"Join the PostHog team as a analytics engineer and help build thoughtful products people love. You will own projects from idea to release, collaborate with design and engineering, and make decisions supported by user research and reliable data. We value clear communication, accessible experiences, and pragmatic problem solving. Bring practical experience with SQL, dbt, Snowflake, Python, Data Modeling. Benefits include flexible working, a learning budget, and generous paid time off. This is a synthetic opening for the SkillMatch demonstration.",SQL|dbt|Snowflake|Python|Data Modeling,2026-09-27
140,Security Engineer,Tailscale,"Bengaluru, IN",Full-time,155000,195000,"Join the Tailscale team as a security engineer and help build thoughtful products people love. You will own projects from idea to release, collaborate with design and engineering, and make decisions supported by user research and reliable data. We value clear communication, accessible experiences, and pragmatic problem solving. Bring practical experience with Cloud Security, Python, OWASP, Threat Modeling, Linux. Benefits include flexible working, a learning budget, and generous paid time off. This is a synthetic opening for the SkillMatch demonstration.",Cloud Security|Python|OWASP|Threat Modeling|Linux,2026-09-28
141,Senior Frontend Developer,Linear,Remote,Full-time,140000,180000,"Join the Linear team as a senior frontend developer and help build thoughtful products people love. You will own projects from idea to release, collaborate with design and engineering, and make decisions supported by user research and reliable data. We value clear communication, accessible experiences, and pragmatic problem solving. Bring practical experience with React, TypeScript, JavaScript, CSS, Next.js, Git. Benefits include flexible working, a learning budget, and generous paid time off. This is a synthetic opening for the SkillMatch demonstration.",React|TypeScript|JavaScript|CSS|Next.js|Git,2026-09-01
142,Full Stack Engineer,Vercel,"San Francisco, CA",Full-time,110000,150000,"Join the Vercel team as a full stack engineer and help build thoughtful products people love. You will own projects from idea to release, collaborate with design and engineering, and make decisions supported by user research and reliable data. We value clear communication, accessible experiences, and pragmatic problem solving. Bring practical experience with React, Node.js, TypeScript, PostgreSQL, Docker, REST APIs. Benefits include flexible working, a learning budget, and generous paid time off. This is a synthetic opening for the SkillMatch demonstration.",React|Node.js|TypeScript|PostgreSQL|Docker|REST APIs,2026-09-02
143,Product Designer,Notion,"New York, NY",Full-time,100000,140000,"Join the Notion team as a product designer and help build thoughtful products people love. You will own projects from idea to release, collaborate with design and engineering, and make decisions supported by user research and reliable data. We value clear communication, accessible experiences, and pragmatic problem solving. Bring practical experience with Figma, UI Design, UX Research, Prototyping, Design Systems. Benefits include flexible working, a learning budget, and generous paid time off. This is a synthetic opening for the SkillMatch demonstration.",Figma|UI Design|UX Research|Prototyping|Design Systems,2026-09-03
144,Python Backend Engineer,Stripe,"London, UK",Full-time,135000,175000,"Join the Stripe team as a python backend engineer and help build thoughtful products people love. You will own projects from idea to release, collaborate with design and engineering, and make decisions supported by user research and reliable data. We value clear communication, accessible experiences, and pragmatic problem solving. Bring practical experience with Python, FastAPI, PostgreSQL, Docker, Redis, Pytest. Benefits include flexible working, a learning budget, and generous paid time off. This is a synthetic opening for the SkillMatch demonstration.",Python|FastAPI|PostgreSQL|Docker|Redis|Pytest,2026-09-04
145,Data Scientist,Figma,"Bengaluru, IN",Contract,120000,160000,"Join the Figma team as a data scientist and help build thoughtful products people love. You will own projects from idea to release, collaborate with design and engineering, and make decisions supported by user research and reliable data. We value clear communication, accessible experiences, and pragmatic problem solving. Bring practical experience with Python, Pandas, Machine Learning, SQL, Statistics, Scikit-learn. Benefits include flexible working, a learning budget, and generous paid time off. This is a synthetic opening for the SkillMatch demonstration.",Python|Pandas|Machine Learning|SQL|Statistics|Scikit-learn,2026-09-05
146,Machine Learning Engineer,Supabase,Remote,Full-time,115000,155000,"Join the Supabase team as a machine learning engineer and help build thoughtful products people love. You will own projects from idea to release, collaborate with design and engineering, and make decisions supported by user research and reliable data. We value clear communication, accessible experiences, and pragmatic problem solving. Bring practical experience with Python, PyTorch, MLOps, Docker, Transformers, AWS. Benefits include flexible working, a learning budget, and generous paid time off. This is a synthetic opening for the SkillMatch demonstration.",Python|PyTorch|MLOps|Docker|Transformers|AWS,2026-09-06
147,DevOps Engineer,Ramp,"San Francisco, CA",Full-time,155000,195000,"Join the Ramp team as a devops engineer and help build thoughtful products people love. You will own projects from idea to release, collaborate with design and engineering, and make decisions supported by user research and reliable data. We value clear communication, accessible experiences, and pragmatic problem solving. Bring practical experience with AWS, Kubernetes, Terraform, CI/CD, Linux, Docker. Benefits include flexible working, a learning budget, and generous paid time off. This is a synthetic opening for the SkillMatch demonstration.",AWS|Kubernetes|Terraform|CI/CD|Linux|Docker,2026-09-07
148,Mobile Developer,Arc,"New York, NY",Full-time,155000,195000,"Join the Arc team as a mobile developer and help build thoughtful products people love. You will own projects from idea to release, collaborate with design and engineering, and make decisions supported by user research and reliable data. We value clear communication, accessible experiences, and pragmatic problem solving. Bring practical experience with Swift, Kotlin, Git, REST APIs, Unit Testing. Benefits include flexible working, a learning budget, and generous paid time off. This is a synthetic opening for the SkillMatch demonstration.",Swift|Kotlin|Git|REST APIs|Unit Testing,2026-09-08
149,Analytics Engineer,Mercury,"London, UK",Full-time,135000,175000,"Join the Mercury team as a analytics engineer and help build thoughtful products people love. You will own projects from idea to release, collaborate with design and engineering, and make decisions supported by user research and reliable data. We value clear communication, accessible experiences, and pragmatic problem solving. Bring practical experience with SQL, dbt, Snowflake, Python, Data Modeling. Benefits include flexible working, a learning budget, and generous paid time off. This is a synthetic opening for the SkillMatch demonstration.",SQL|dbt|Snowflake|Python|Data Modeling,2026-09-09
150,Security Engineer,Raycast,"Bengaluru, IN",Full-time,120000,160000,"Join the Raycast team as a security engineer and help build thoughtful products people love. You will own projects from idea to release, collaborate with design and engineering, and make decisions supported by user research and reliable data. We value clear communication, accessible experiences, and pragmatic problem solving. Bring practical experience with Cloud Security, Python, OWASP, Threat Modeling, Linux. Benefits include flexible working, a learning budget, and generous paid time off. This is a synthetic opening for the SkillMatch demonstration.",Cloud Security|Python|OWASP|Threat Modeling|Linux,2026-09-10
151,Senior Frontend Developer,Loom,Remote,Full-time,95000,135000,"Join the Loom team as a senior frontend developer and help build thoughtful products people love. You will own projects from idea to release, collaborate with design and engineering, and make decisions supported by user research and reliable data. We value clear communication, accessible experiences, and pragmatic problem solving. Bring practical experience with React, TypeScript, JavaScript, CSS, Next.js, Git. Benefits include flexible working, a learning budget, and generous paid time off. This is a synthetic opening for the SkillMatch demonstration.",React|TypeScript|JavaScript|CSS|Next.js|Git,2026-09-11
152,Full Stack Engineer,Webflow,"San Francisco, CA",Full-time,105000,145000,"Join the Webflow team as a full stack engineer and help build thoughtful products people love. You will own projects from idea to release, collaborate with design and engineering, and make decisions supported by user research and reliable data. We value clear communication, accessible experiences, and pragmatic problem solving. Bring practical experience with React, Node.js, TypeScript, PostgreSQL, Docker, REST APIs. Benefits include flexible working, a learning budget, and generous paid time off. This is a synthetic opening for the SkillMatch demonstration.",React|Node.js|TypeScript|PostgreSQL|Docker|REST APIs,2026-09-12
153,Product Designer,Retool,"New York, NY",Full-time,95000,135000,"Join the Retool team as a product designer and help build thoughtful products people love. You will own projects from idea to release, collaborate with design and engineering, and make decisions supported by user research and reliable data. We value clear communication, accessible experiences, and pragmatic problem solving. Bring practical experience with Figma, UI Design, UX Research, Prototyping, Design Systems. Benefits include flexible working, a learning budget, and generous paid time off. This is a synthetic opening for the SkillMatch demonstration.",Figma|UI Design|UX Research|Prototyping|Design Systems,2026-09-13
154,Python Backend Engineer,Resend,"London, UK",Contract,100000,140000,"Join the Resend team as a python backend engineer and help build thoughtful products people love. You will own projects from idea to release, collaborate with design and engineering, and make decisions supported by user research and reliable data. We value clear communication, accessible experiences, and pragmatic problem solving. Bring practical experience with Python, FastAPI, PostgreSQL, Docker, Redis, Pytest. Benefits include flexible working, a learning budget, and generous paid time off. This is a synthetic opening for the SkillMatch demonstration.",Python|FastAPI|PostgreSQL|Docker|Redis|Pytest,2026-09-14
155,Data Scientist,Cal.com,"Bengaluru, IN",Full-time,140000,180000,"Join the Cal.com team as a data scientist and help build thoughtful products people love. You will own projects from idea to release, collaborate with design and engineering, and make decisions supported by user research and reliable data. We value clear communication, accessible experiences, and pragmatic problem solving. Bring practical experience with Python, Pandas, Machine Learning, SQL, Statistics, Scikit-learn. Benefits include flexible working, a learning budget, and generous paid time off. This is a synthetic opening for the SkillMatch demonstration.",Python|Pandas|Machine Learning|SQL|Statistics|Scikit-learn,2026-09-15
156,Machine Learning Engineer,Clerk,Remote,Full-time,125000,165000,"Join the Clerk team as a machine learning engineer and help build thoughtful products people love. You will own projects from idea to release, collaborate with design and engineering, and make decisions supported by user research and reliable data. We value clear communication, accessible experiences, and pragmatic problem solving. Bring practical experience with Python, PyTorch, MLOps, Docker, Transformers, AWS. Benefits include flexible working, a learning budget, and generous paid time off. This is a synthetic opening for the SkillMatch demonstration.",Python|PyTorch|MLOps|Docker|Transformers|AWS,2026-09-16
157,DevOps Engineer,Neon,"San Francisco, CA",Full-time,125000,165000,"Join the Neon team as a devops engineer and help build thoughtful products people love. You will own projects from idea to release, collaborate with design and engineering, and make decisions supported by user research and reliable data. We value clear communication, accessible experiences, and pragmatic problem solving. Bring practical experience with AWS, Kubernetes, Terraform, CI/CD, Linux, Docker. Benefits include flexible working, a learning budget, and generous paid time off. This is a synthetic opening for the SkillMatch demonstration.",AWS|Kubernetes|Terraform|CI/CD|Linux|Docker,2026-09-17
158,Mobile Developer,PlanetScale,"New York, NY",Full-time,105000,145000,"Join the PlanetScale team as a mobile developer and help build thoughtful products people love. You will own projects from idea to release, collaborate with design and engineering, and make decisions supported by user research and reliable data. We value clear communication, accessible experiences, and pragmatic problem solving. Bring practical experience with Swift, Kotlin, Git, REST APIs, Unit Testing. Benefits include flexible working, a learning budget, and generous paid time off. This is a synthetic opening for the SkillMatch demonstration.",Swift|Kotlin|Git|REST APIs|Unit Testing,2026-09-18
159,Analytics Engineer,PostHog,"London, UK",Full-time,140000,180000,"Join the PostHog team as a analytics engineer and help build thoughtful products people love. You will own projects from idea to release, collaborate with design and engineering, and make decisions supported by user research and reliable data. We value clear communication, accessible experiences, and pragmatic problem solving. Bring practical experience with SQL, dbt, Snowflake, Python, Data Modeling. Benefits include flexible working, a learning budget, and generous paid time off. This is a synthetic opening for the SkillMatch demonstration.",SQL|dbt|Snowflake|Python|Data Modeling,2026-09-19
160,Security Engineer,Tailscale,"Bengaluru, IN",Full-time,130000,170000,"Join the Tailscale team as a security engineer and help build thoughtful products people love. You will own projects from idea to release, collaborate with design and engineering, and make decisions supported by user research and reliable data. We value clear communication, accessible experiences, and pragmatic problem solving. Bring practical experience with Cloud Security, Python, OWASP, Threat Modeling, Linux. Benefits include flexible working, a learning budget, and generous paid time off. This is a synthetic opening for the SkillMatch demonstration.",Cloud Security|Python|OWASP|Threat Modeling|Linux,2026-09-20
161,Senior Frontend Developer,Linear,Remote,Full-time,115000,155000,"Join the Linear team as a senior frontend developer and help build thoughtful products people love. You will own projects from idea to release, collaborate with design and engineering, and make decisions supported by user research and reliable data. We value clear communication, accessible experiences, and pragmatic problem solving. Bring practical experience with React, TypeScript, JavaScript, CSS, Next.js, Git. Benefits include flexible working, a learning budget, and generous paid time off. This is a synthetic opening for the SkillMatch demonstration.",React|TypeScript|JavaScript|CSS|Next.js|Git,2026-09-21
162,Full Stack Engineer,Vercel,"San Francisco, CA",Full-time,155000,195000,"Join the Vercel team as a full stack engineer and help build thoughtful products people love. You will own projects from idea to release, collaborate with design and engineering, and make decisions supported by user research and reliable data. We value clear communication, accessible experiences, and pragmatic problem solving. Bring practical experience with React, Node.js, TypeScript, PostgreSQL, Docker, REST APIs. Benefits include flexible working, a learning budget, and generous paid time off. This is a synthetic opening for the SkillMatch demonstration.",React|Node.js|TypeScript|PostgreSQL|Docker|REST APIs,2026-09-22
163,Product Designer,Notion,"New York, NY",Contract,130000,170000,"Join the Notion team as a product designer and help build thoughtful products people love. You will own projects from idea to release, collaborate with design and engineering, and make decisions supported by user research and reliable data. We value clear communication, accessible experiences, and pragmatic problem solving. Bring practical experience with Figma, UI Design, UX Research, Prototyping, Design Systems. Benefits include flexible working, a learning budget, and generous paid time off. This is a synthetic opening for the SkillMatch demonstration.",Figma|UI Design|UX Research|Prototyping|Design Systems,2026-09-23
164,Python Backend Engineer,Stripe,"London, UK",Full-time,115000,155000,"Join the Stripe team as a python backend engineer and help build thoughtful products people love. You will own projects from idea to release, collaborate with design and engineering, and make decisions supported by user research and reliable data. We value clear communication, accessible experiences, and pragmatic problem solving. Bring practical experience with Python, FastAPI, PostgreSQL, Docker, Redis, Pytest. Benefits include flexible working, a learning budget, and generous paid time off. This is a synthetic opening for the SkillMatch demonstration.",Python|FastAPI|PostgreSQL|Docker|Redis|Pytest,2026-09-24
165,Data Scientist,Figma,"Bengaluru, IN",Full-time,110000,150000,"Join the Figma team as a data scientist and help build thoughtful products people love. You will own projects from idea to release, collaborate with design and engineering, and make decisions supported by user research and reliable data. We value clear communication, accessible experiences, and pragmatic problem solving. Bring practical experience with Python, Pandas, Machine Learning, SQL, Statistics, Scikit-learn. Benefits include flexible working, a learning budget, and generous paid time off. This is a synthetic opening for the SkillMatch demonstration.",Python|Pandas|Machine Learning|SQL|Statistics|Scikit-learn,2026-09-25
166,Machine Learning Engineer,Supabase,Remote,Full-time,100000,140000,"Join the Supabase team as a machine learning engineer and help build thoughtful products people love. You will own projects from idea to release, collaborate with design and engineering, and make decisions supported by user research and reliable data. We value clear communication, accessible experiences, and pragmatic problem solving. Bring practical experience with Python, PyTorch, MLOps, Docker, Transformers, AWS. Benefits include flexible working, a learning budget, and generous paid time off. This is a synthetic opening for the SkillMatch demonstration.",Python|PyTorch|MLOps|Docker|Transformers|AWS,2026-09-26
167,DevOps Engineer,Ramp,"San Francisco, CA",Full-time,95000,135000,"Join the Ramp team as a devops engineer and help build thoughtful products people love. You will own projects from idea to release, collaborate with design and engineering, and make decisions supported by user research and reliable data. We value clear communication, accessible experiences, and pragmatic problem solving. Bring practical experience with AWS, Kubernetes, Terraform, CI/CD, Linux, Docker. Benefits include flexible working, a learning budget, and generous paid time off. This is a synthetic opening for the SkillMatch demonstration.",AWS|Kubernetes|Terraform|CI/CD|Linux|Docker,2026-09-27
168,Mobile Developer,Arc,"New York, NY",Full-time,125000,165000,"Join the Arc team as a mobile developer and help build thoughtful products people love. You will own projects from idea to release, collaborate with design and engineering, and make decisions supported by user research and reliable data. We value clear communication, accessible experiences, and pragmatic problem solving. Bring practical experience with Swift, Kotlin, Git, REST APIs, Unit Testing. Benefits include flexible working, a learning budget, and generous paid time off. This is a synthetic opening for the SkillMatch demonstration.",Swift|Kotlin|Git|REST APIs|Unit Testing,2026-09-28
169,Analytics Engineer,Mercury,"London, UK",Full-time,120000,160000,"Join the Mercury team as a analytics engineer and help build thoughtful products people love. You will own projects from idea to release, collaborate with design and engineering, and make decisions supported by user research and reliable data. We value clear communication, accessible experiences, and pragmatic problem solving. Bring practical experience with SQL, dbt, Snowflake, Python, Data Modeling. Benefits include flexible working, a learning budget, and generous paid time off. This is a synthetic opening for the SkillMatch demonstration.",SQL|dbt|Snowflake|Python|Data Modeling,2026-09-01
170,Security Engineer,Raycast,"Bengaluru, IN",Full-time,90000,130000,"Join the Raycast team as a security engineer and help build thoughtful products people love. You will own projects from idea to release, collaborate with design and engineering, and make decisions supported by user research and reliable data. We value clear communication, accessible experiences, and pragmatic problem solving. Bring practical experience with Cloud Security, Python, OWASP, Threat Modeling, Linux. Benefits include flexible working, a learning budget, and generous paid time off. This is a synthetic opening for the SkillMatch demonstration.",Cloud Security|Python|OWASP|Threat Modeling|Linux,2026-09-02
171,Senior Frontend Developer,Loom,Remote,Full-time,145000,185000,"Join the Loom team as a senior frontend developer and help build thoughtful products people love. You will own projects from idea to release, collaborate with design and engineering, and make decisions supported by user research and reliable data. We value clear communication, accessible experiences, and pragmatic problem solving. Bring practical experience with React, TypeScript, JavaScript, CSS, Next.js, Git. Benefits include flexible working, a learning budget, and generous paid time off. This is a synthetic opening for the SkillMatch demonstration.",React|TypeScript|JavaScript|CSS|Next.js|Git,2026-09-03
172,Full Stack Engineer,Webflow,"San Francisco, CA",Contract,85000,125000,"Join the Webflow team as a full stack engineer and help build thoughtful products people love. You will own projects from idea to release, collaborate with design and engineering, and make decisions supported by user research and reliable data. We value clear communication, accessible experiences, and pragmatic problem solving. Bring practical experience with React, Node.js, TypeScript, PostgreSQL, Docker, REST APIs. Benefits include flexible working, a learning budget, and generous paid time off. This is a synthetic opening for the SkillMatch demonstration.",React|Node.js|TypeScript|PostgreSQL|Docker|REST APIs,2026-09-04
173,Product Designer,Retool,"New York, NY",Full-time,150000,190000,"Join the Retool team as a product designer and help build thoughtful products people love. You will own projects from idea to release, collaborate with design and engineering, and make decisions supported by user research and reliable data. We value clear communication, accessible experiences, and pragmatic problem solving. Bring practical experience with Figma, UI Design, UX Research, Prototyping, Design Systems. Benefits include flexible working, a learning budget, and generous paid time off. This is a synthetic opening for the SkillMatch demonstration.",Figma|UI Design|UX Research|Prototyping|Design Systems,2026-09-05
174,Python Backend Engineer,Resend,"London, UK",Full-time,90000,130000,"Join the Resend team as a python backend engineer and help build thoughtful products people love. You will own projects from idea to release, collaborate with design and engineering, and make decisions supported by user research and reliable data. We value clear communication, accessible experiences, and pragmatic problem solving. Bring practical experience with Python, FastAPI, PostgreSQL, Docker, Redis, Pytest. Benefits include flexible working, a learning budget, and generous paid time off. This is a synthetic opening for the SkillMatch demonstration.",Python|FastAPI|PostgreSQL|Docker|Redis|Pytest,2026-09-06
175,Data Scientist,Cal.com,"Bengaluru, IN",Full-time,95000,135000,"Join the Cal.com team as a data scientist and help build thoughtful products people love. You will own projects from idea to release, collaborate with design and engineering, and make decisions supported by user research and reliable data. We value clear communication, accessible experiences, and pragmatic problem solving. Bring practical experience with Python, Pandas, Machine Learning, SQL, Statistics, Scikit-learn. Benefits include flexible working, a learning budget, and generous paid time off. This is a synthetic opening for the SkillMatch demonstration.",Python|Pandas|Machine Learning|SQL|Statistics|Scikit-learn,2026-09-07
176,Machine Learning Engineer,Clerk,Remote,Full-time,135000,175000,"Join the Clerk team as a machine learning engineer and help build thoughtful products people love. You will own projects from idea to release, collaborate with design and engineering, and make decisions supported by user research and reliable data. We value clear communication, accessible experiences, and pragmatic problem solving. Bring practical experience with Python, PyTorch, MLOps, Docker, Transformers, AWS. Benefits include flexible working, a learning budget, and generous paid time off. This is a synthetic opening for the SkillMatch demonstration.",Python|PyTorch|MLOps|Docker|Transformers|AWS,2026-09-08
177,DevOps Engineer,Neon,"San Francisco, CA",Full-time,95000,135000,"Join the Neon team as a devops engineer and help build thoughtful products people love. You will own projects from idea to release, collaborate with design and engineering, and make decisions supported by user research and reliable data. We value clear communication, accessible experiences, and pragmatic problem solving. Bring practical experience with AWS, Kubernetes, Terraform, CI/CD, Linux, Docker. Benefits include flexible working, a learning budget, and generous paid time off. This is a synthetic opening for the SkillMatch demonstration.",AWS|Kubernetes|Terraform|CI/CD|Linux|Docker,2026-09-09
178,Mobile Developer,PlanetScale,"New York, NY",Full-time,145000,185000,"Join the PlanetScale team as a mobile developer and help build thoughtful products people love. You will own projects from idea to release, collaborate with design and engineering, and make decisions supported by user research and reliable data. We value clear communication, accessible experiences, and pragmatic problem solving. Bring practical experience with Swift, Kotlin, Git, REST APIs, Unit Testing. Benefits include flexible working, a learning budget, and generous paid time off. This is a synthetic opening for the SkillMatch demonstration.",Swift|Kotlin|Git|REST APIs|Unit Testing,2026-09-10
179,Analytics Engineer,PostHog,"London, UK",Full-time,135000,175000,"Join the PostHog team as a analytics engineer and help build thoughtful products people love. You will own projects from idea to release, collaborate with design and engineering, and make decisions supported by user research and reliable data. We value clear communication, accessible experiences, and pragmatic problem solving. Bring practical experience with SQL, dbt, Snowflake, Python, Data Modeling. Benefits include flexible working, a learning budget, and generous paid time off. This is a synthetic opening for the SkillMatch demonstration.",SQL|dbt|Snowflake|Python|Data Modeling,2026-09-11
180,Security Engineer,Tailscale,"Bengaluru, IN",Full-time,115000,155000,"Join the Tailscale team as a security engineer and help build thoughtful products people love. You will own projects from idea to release, collaborate with design and engineering, and make decisions supported by user research and reliable data. We value clear communication, accessible experiences, and pragmatic problem solving. Bring practical experience with Cloud Security, Python, OWASP, Threat Modeling, Linux. Benefits include flexible working, a learning budget, and generous paid time off. This is a synthetic opening for the SkillMatch demonstration.",Cloud Security|Python|OWASP|Threat Modeling|Linux,2026-09-12
181,Senior Frontend Developer,Linear,Remote,Contract,130000,170000,"Join the Linear team as a senior frontend developer and help build thoughtful products people love. You will own projects from idea to release, collaborate with design and engineering, and make decisions supported by user research and reliable data. We value clear communication, accessible experiences, and pragmatic problem solving. Bring practical experience with React, TypeScript, JavaScript, CSS, Next.js, Git. Benefits include flexible working, a learning budget, and generous paid time off. This is a synthetic opening for the SkillMatch demonstration.",React|TypeScript|JavaScript|CSS|Next.js|Git,2026-09-13
182,Full Stack Engineer,Vercel,"San Francisco, CA",Full-time,90000,130000,"Join the Vercel team as a full stack engineer and help build thoughtful products people love. You will own projects from idea to release, collaborate with design and engineering, and make decisions supported by user research and reliable data. We value clear communication, accessible experiences, and pragmatic problem solving. Bring practical experience with React, Node.js, TypeScript, PostgreSQL, Docker, REST APIs. Benefits include flexible working, a learning budget, and generous paid time off. This is a synthetic opening for the SkillMatch demonstration.",React|Node.js|TypeScript|PostgreSQL|Docker|REST APIs,2026-09-14
183,Product Designer,Notion,"New York, NY",Full-time,115000,155000,"Join the Notion team as a product designer and help build thoughtful products people love. You will own projects from idea to release, collaborate with design and engineering, and make decisions supported by user research and reliable data. We value clear communication, accessible experiences, and pragmatic problem solving. Bring practical experience with Figma, UI Design, UX Research, Prototyping, Design Systems. Benefits include flexible working, a learning budget, and generous paid time off. This is a synthetic opening for the SkillMatch demonstration.",Figma|UI Design|UX Research|Prototyping|Design Systems,2026-09-15
184,Python Backend Engineer,Stripe,"London, UK",Full-time,115000,155000,"Join the Stripe team as a python backend engineer and help build thoughtful products people love. You will own projects from idea to release, collaborate with design and engineering, and make decisions supported by user research and reliable data. We value clear communication, accessible experiences, and pragmatic problem solving. Bring practical experience with Python, FastAPI, PostgreSQL, Docker, Redis, Pytest. Benefits include flexible working, a learning budget, and generous paid time off. This is a synthetic opening for the SkillMatch demonstration.",Python|FastAPI|PostgreSQL|Docker|Redis|Pytest,2026-09-16
185,Data Scientist,Figma,"Bengaluru, IN",Full-time,130000,170000,"Join the Figma team as a data scientist and help build thoughtful products people love. You will own projects from idea to release, collaborate with design and engineering, and make decisions supported by user research and reliable data. We value clear communication, accessible experiences, and pragmatic problem solving. Bring practical experience with Python, Pandas, Machine Learning, SQL, Statistics, Scikit-learn. Benefits include flexible working, a learning budget, and generous paid time off. This is a synthetic opening for the SkillMatch demonstration.",Python|Pandas|Machine Learning|SQL|Statistics|Scikit-learn,2026-09-17
186,Machine Learning Engineer,Supabase,Remote,Full-time,120000,160000,"Join the Supabase team as a machine learning engineer and help build thoughtful products people love. You will own projects from idea to release, collaborate with design and engineering, and make decisions supported by user research and reliable data. We value clear communication, accessible experiences, and pragmatic problem solving. Bring practical experience with Python, PyTorch, MLOps, Docker, Transformers, AWS. Benefits include flexible working, a learning budget, and generous paid time off. This is a synthetic opening for the SkillMatch demonstration.",Python|PyTorch|MLOps|Docker|Transformers|AWS,2026-09-18
187,DevOps Engineer,Ramp,"San Francisco, CA",Full-time,125000,165000,"Join the Ramp team as a devops engineer and help build thoughtful products people love. You will own projects from idea to release, collaborate with design and engineering, and make decisions supported by user research and reliable data. We value clear communication, accessible experiences, and pragmatic problem solving. Bring practical experience with AWS, Kubernetes, Terraform, CI/CD, Linux, Docker. Benefits include flexible working, a learning budget, and generous paid time off. This is a synthetic opening for the SkillMatch demonstration.",AWS|Kubernetes|Terraform|CI/CD|Linux|Docker,2026-09-19
188,Mobile Developer,Arc,"New York, NY",Full-time,105000,145000,"Join the Arc team as a mobile developer and help build thoughtful products people love. You will own projects from idea to release, collaborate with design and engineering, and make decisions supported by user research and reliable data. We value clear communication, accessible experiences, and pragmatic problem solving. Bring practical experience with Swift, Kotlin, Git, REST APIs, Unit Testing. Benefits include flexible working, a learning budget, and generous paid time off. This is a synthetic opening for the SkillMatch demonstration.",Swift|Kotlin|Git|REST APIs|Unit Testing,2026-09-20
189,Analytics Engineer,Mercury,"London, UK",Full-time,125000,165000,"Join the Mercury team as a analytics engineer and help build thoughtful products people love. You will own projects from idea to release, collaborate with design and engineering, and make decisions supported by user research and reliable data. We value clear communication, accessible experiences, and pragmatic problem solving. Bring practical experience with SQL, dbt, Snowflake, Python, Data Modeling. Benefits include flexible working, a learning budget, and generous paid time off. This is a synthetic opening for the SkillMatch demonstration.",SQL|dbt|Snowflake|Python|Data Modeling,2026-09-21
190,Security Engineer,Raycast,"Bengaluru, IN",Contract,150000,190000,"Join the Raycast team as a security engineer and help build thoughtful products people love. You will own projects from idea to release, collaborate with design and engineering, and make decisions supported by user research and reliable data. We value clear communication, accessible experiences, and pragmatic problem solving. Bring practical experience with Cloud Security, Python, OWASP, Threat Modeling, Linux. Benefits include flexible working, a learning budget, and generous paid time off. This is a synthetic opening for the SkillMatch demonstration.",Cloud Security|Python|OWASP|Threat Modeling|Linux,2026-09-22
191,Senior Frontend Developer,Loom,Remote,Full-time,85000,125000,"Join the Loom team as a senior frontend developer and help build thoughtful products people love. You will own projects from idea to release, collaborate with design and engineering, and make decisions supported by user research and reliable data. We value clear communication, accessible experiences, and pragmatic problem solving. Bring practical experience with React, TypeScript, JavaScript, CSS, Next.js, Git. Benefits include flexible working, a learning budget, and generous paid time off. This is a synthetic opening for the SkillMatch demonstration.",React|TypeScript|JavaScript|CSS|Next.js|Git,2026-09-23
192,Full Stack Engineer,Webflow,"San Francisco, CA",Full-time,135000,175000,"Join the Webflow team as a full stack engineer and help build thoughtful products people love. You will own projects from idea to release, collaborate with design and engineering, and make decisions supported by user research and reliable data. We value clear communication, accessible experiences, and pragmatic problem solving. Bring practical experience with React, Node.js, TypeScript, PostgreSQL, Docker, REST APIs. Benefits include flexible working, a learning budget, and generous paid time off. This is a synthetic opening for the SkillMatch demonstration.",React|Node.js|TypeScript|PostgreSQL|Docker|REST APIs,2026-09-24
193,Product Designer,Retool,"New York, NY",Full-time,140000,180000,"Join the Retool team as a product designer and help build thoughtful products people love. You will own projects from idea to release, collaborate with design and engineering, and make decisions supported by user research and reliable data. We value clear communication, accessible experiences, and pragmatic problem solving. Bring practical experience with Figma, UI Design, UX Research, Prototyping, Design Systems. Benefits include flexible working, a learning budget, and generous paid time off. This is a synthetic opening for the SkillMatch demonstration.",Figma|UI Design|UX Research|Prototyping|Design Systems,2026-09-25
194,Python Backend Engineer,Resend,"London, UK",Full-time,90000,130000,"Join the Resend team as a python backend engineer and help build thoughtful products people love. You will own projects from idea to release, collaborate with design and engineering, and make decisions supported by user research and reliable data. We value clear communication, accessible experiences, and pragmatic problem solving. Bring practical experience with Python, FastAPI, PostgreSQL, Docker, Redis, Pytest. Benefits include flexible working, a learning budget, and generous paid time off. This is a synthetic opening for the SkillMatch demonstration.",Python|FastAPI|PostgreSQL|Docker|Redis|Pytest,2026-09-26
195,Data Scientist,Cal.com,"Bengaluru, IN",Full-time,135000,175000,"Join the Cal.com team as a data scientist and help build thoughtful products people love. You will own projects from idea to release, collaborate with design and engineering, and make decisions supported by user research and reliable data. We value clear communication, accessible experiences, and pragmatic problem solving. Bring practical experience with Python, Pandas, Machine Learning, SQL, Statistics, Scikit-learn. Benefits include flexible working, a learning budget, and generous paid time off. This is a synthetic opening for the SkillMatch demonstration.",Python|Pandas|Machine Learning|SQL|Statistics|Scikit-learn,2026-09-27
196,Machine Learning Engineer,Clerk,Remote,Full-time,155000,195000,"Join the Clerk team as a machine learning engineer and help build thoughtful products people love. You will own projects from idea to release, collaborate with design and engineering, and make decisions supported by user research and reliable data. We value clear communication, accessible experiences, and pragmatic problem solving. Bring practical experience with Python, PyTorch, MLOps, Docker, Transformers, AWS. Benefits include flexible working, a learning budget, and generous paid time off. This is a synthetic opening for the SkillMatch demonstration.",Python|PyTorch|MLOps|Docker|Transformers|AWS,2026-09-28
197,DevOps Engineer,Neon,"San Francisco, CA",Full-time,125000,165000,"Join the Neon team as a devops engineer and help build thoughtful products people love. You will own projects from idea to release, collaborate with design and engineering, and make decisions supported by user research and reliable data. We value clear communication, accessible experiences, and pragmatic problem solving. Bring practical experience with AWS, Kubernetes, Terraform, CI/CD, Linux, Docker. Benefits include flexible working, a learning budget, and generous paid time off. This is a synthetic opening for the SkillMatch demonstration.",AWS|Kubernetes|Terraform|CI/CD|Linux|Docker,2026-09-01
198,Mobile Developer,PlanetScale,"New York, NY",Full-time,145000,185000,"Join the PlanetScale team as a mobile developer and help build thoughtful products people love. You will own projects from idea to release, collaborate with design and engineering, and make decisions supported by user research and reliable data. We value clear communication, accessible experiences, and pragmatic problem solving. Bring practical experience with Swift, Kotlin, Git, REST APIs, Unit Testing. Benefits include flexible working, a learning budget, and generous paid time off. This is a synthetic opening for the SkillMatch demonstration.",Swift|Kotlin|Git|REST APIs|Unit Testing,2026-09-02
199,Analytics Engineer,PostHog,"London, UK",Contract,105000,145000,"Join the PostHog team as a analytics engineer and help build thoughtful products people love. You will own projects from idea to release, collaborate with design and engineering, and make decisions supported by user research and reliable data. We value clear communication, accessible experiences, and pragmatic problem solving. Bring practical experience with SQL, dbt, Snowflake, Python, Data Modeling. Benefits include flexible working, a learning budget, and generous paid time off. This is a synthetic opening for the SkillMatch demonstration.",SQL|dbt|Snowflake|Python|Data Modeling,2026-09-03
200,Security Engineer,Tailscale,"Bengaluru, IN",Full-time,145000,185000,"Join the Tailscale team as a security engineer and help build thoughtful products people love. You will own projects from idea to release, collaborate with design and engineering, and make decisions supported by user research and reliable data. We value clear communication, accessible experiences, and pragmatic problem solving. Bring practical experience with Cloud Security, Python, OWASP, Threat Modeling, Linux. Benefits include flexible working, a learning budget, and generous paid time off. This is a synthetic opening for the SkillMatch demonstration.",Cloud Security|Python|OWASP|Threat Modeling|Linux,2026-09-04
